"Timestamp","Username","Total score","ID","ID [Score]","ID [Feedback]","Name","Name [Score]","Name [Feedback]",""," [Score]"," [Feedback]"
"2021/01/09 12:17:26 PM GMT+6","muhtasim.fuad.cse@ulab.edu.bd","18.00 / 20","171014051","-- / 0","","Md. Muhtasim Fuad Fahim (Ornab)","-- / 0","","https://drive.google.com/u/2/open?usp=forms_web&id=1jIYAOJfohszd8eJuarWGTfDpKTABlaf0","18.00 / 20","(5+5)+(3+5)=18
"
"2021/01/09 12:28:55 PM GMT+6","swarnali.dey.cse@ulab.edu.bd","15.00 / 20","151014002","-- / 0","","Swarnali Dey ","-- / 0","","https://drive.google.com/u/2/open?usp=forms_web&id=17GuU_TsZ6hhvJ7ZVUIPqKcrVbEUTK0Wo","15.00 / 20","(5+5)+(2.5+2.5)=15
"
"2021/01/09 12:29:41 PM GMT+6","sabiha.sumaiya.cse@ulab.edu.bd","17.50 / 20","172014007","-- / 0","","Sabiha Sumaiya ","-- / 0","","https://drive.google.com/u/2/open?usp=forms_web&id=1OTizK-x67lMWPJjsNcjYg_Rl8m79GkW0","17.50 / 20","(4.5+5)+(3+5)=17.5
"
"2021/01/09 12:30:40 PM GMT+6","gibson.modhu.cse@ulab.edu.bd","17.00 / 20","163014016","-- / 0","","Gibson Modhu Eric ","-- / 0","","https://drive.google.com/u/2/open?usp=forms_web&id=1GZkTEQocCECw3yD0GktM2nRkW7zq3Hn0","17.00 / 20","(4.5+5)+(3.5+4)=17
"
"2021/01/09 12:32:43 PM GMT+6","tasnimul.haque.cse@ulab.edu.bd","17.00 / 20","171014006","-- / 0","","Fahim Afroz Tasnimul Haque","-- / 0","","https://drive.google.com/u/2/open?usp=forms_web&id=1OtWrK2QyiluYt-0ijChYG8uQ7fIS7KQH","17.00 / 20","(4.5+3.5)+(4.5+4.5)=17
"
"2021/01/09 12:33:52 PM GMT+6","anika.tahsin1.bba@ulab.edu.bd","13.50 / 20","171011166","-- / 0","","Anika Tahsin Sababa","-- / 0","","https://drive.google.com/u/2/open?usp=forms_web&id=1p9ECWzvwYsxhatEsNtxUG_LRnFwraEhD","13.50 / 20","(3.5+3.5)+(2.5+4)=13.5
"
"2021/01/09 12:34:04 PM GMT+6","fahmeda.gulzar.cse@ulab.edu.bd","15.00 / 20","153014016","-- / 0","","Fahmeda Gulzar","-- / 0","","https://drive.google.com/u/2/open?usp=forms_web&id=1akZ3Db3VpS8my_QNhDsjaJqWA94mlKMh","15.00 / 20","(4.5+5)+(2+3.5)=15
"
"2021/01/09 12:35:01 PM GMT+6","tamanna.islam1.cse@ulab.edu.bd","15.00 / 20","172014052","-- / 0","","Tamanna Islam","-- / 0","","https://drive.google.com/u/2/open?usp=forms_web&id=1fadoqKnDsT-yFv05hUGHWh8Mb2ZOKU1X","15.00 / 20","(4+3)+(3.5+4.5)=15
"
"2021/01/09 12:37:32 PM GMT+6","mahabub.rahman.cse@ulab.edu.bd","9.00 / 20","161014019","-- / 0","","Mahabub Rahman","-- / 0","","https://drive.google.com/u/2/open?usp=forms_web&id=1gpKBIMmwhiUh1PhOD6_baX--lvxB6OtW","9.00 / 20","(2+2)+(3+2)=9
"
"2021/01/09 12:38:49 PM GMT+6","anika.nusrat.cse@ulab.edu.bd","15.00 / 20","Anika Nusrat Ridme","-- / 0","","171014068","-- / 0","","https://drive.google.com/u/2/open?usp=forms_web&id=1LHDrE545cU8nhAJ3nukGmWMZd3hSBWbe","15.00 / 20","(4.5+4)+(2.5+4)=15
"
"2021/01/09 12:41:30 PM GMT+6","tabachsum.islam.cse@ulab.edu.bd","15.00 / 20","172014051","-- / 0","","Tabachsum Islam  ","-- / 0","","https://drive.google.com/u/2/open?usp=forms_web&id=1EQ0VJd2EC9o7dN5CEceW7TpBkaeI9RO7","15.00 / 20","(4+3)+(3.5+4.5)=15
"
"2021/01/09 12:45:50 PM GMT+6","shahnila.mahbub.cse@ulab.edu.bd","16.50 / 20","171014012","-- / 0","","Shahnila Mahbub","-- / 0","","https://drive.google.com/u/2/open?usp=forms_web&id=1w_KenHvuQ6Ae2K3jopgUHN4uv89JtoYg","16.50 / 20","(5+3)+(3.5+5)=16.5
"
"2021/01/09 12:47:33 PM GMT+6","asifa.sultana.cse@ulab.edu.bd","12.00 / 20","162014022","-- / 0","","Asifa Sultana","-- / 0","","https://drive.google.com/u/2/open?usp=forms_web&id=1Lm8Nmydq9enBC9syHSqNMMtNdlQnhV00","12.00 / 20","(0+5)+(3.5+3.5)=12
"
"2021/01/09 12:49:14 PM GMT+6","sadia.hasan1.cse@ulab.edu.bd","19.50 / 20","171014022","-- / 0","","Sadia Hasan","-- / 0","","https://drive.google.com/u/2/open?usp=forms_web&id=1ztMHcc41wiK47nliVcqLqBFfiBmRw-7f","19.50 / 20","(4.5+5)+(5+5)=19.5
"
"2021/01/09 12:50:05 PM GMT+6","prianka.uddin.cse@ulab.edu.bd","18.50 / 20","181014110","-- / 0","","Prianka Uddin","-- / 0","","https://drive.google.com/u/2/open?usp=forms_web&id=1PG6wR1ImzvCFkNe9hlv2V8IEL1SbRj9Z","18.50 / 20","(5+5)+(4+4.5)=18.5
"
"2021/01/09 12:50:58 PM GMT+6","kamrun.faisal.cse@ulab.edu.bd","9.50 / 20","171014042","-- / 0","","MD Abdul Kamrun Faisal","-- / 0","","https://drive.google.com/u/2/open?usp=forms_web&id=17pYhu5tsORhNZ9CLjUY3jWZwCBjJ5f72","9.50 / 20","(4.5+5)+(0+0)=9.5
"
"2021/01/09 12:54:26 PM GMT+6","mahmudur.rahman1.cse@ulab.edu.bd","17.00 / 20","171014037","-- / 0","","Md.Mahmudur Rahman","-- / 0","","https://drive.google.com/u/2/open?usp=forms_web&id=1kTOUOZHEZkMJa5OF65c8IGw60LtZ_3gf","17.00 / 20","(5+4)+(4+4)=17
"
"2021/01/09 12:55:51 PM GMT+6","nuzhat.farhana.cse@ulab.edu.bd","10.50 / 20","153014015","-- / 0","","Nuzhat Farhana Prekkha","-- / 0","","https://drive.google.com/u/2/open?usp=forms_web&id=13z1-w1mqlYWDinH_ev8t7A75DEpf6gAJ","10.50 / 20","(0+4)+(4+2.5)=10.5
"
"2021/01/09 12:57:48 PM GMT+6","arafat.kamal.cse@ulab.edu.bd","18.50 / 20","171014032","-- / 0","","A.s.m Arafat kamal","-- / 0","","https://drive.google.com/u/2/open?usp=forms_web&id=1hiaxuwZEwGbUqezM96ZcBr63MZeTRV66","18.50 / 20","(5+5)+(4+4.5)=18.5
"