"Timestamp","Username","Total score","ID","ID [Score]","ID [Feedback]","Name","Name [Score]","Name [Feedback]",""," [Score]"," [Feedback]","VIVA","VIVA [Score]","VIVA [Feedback]",""," [Score]"," [Feedback]","VIVA","VIVA [Score]","VIVA [Feedback]"
"2021/01/18 12:11:04 PM GMT+6","ahsan.habib1.cse@ulab.edu.bd","20.00 / 30","182014035","-- / 0","","Md. Ahsan Habib Atik ","-- / 0","","https://drive.google.com/u/2/open?usp=forms_web&id=1XYa4pxuPKSe9C3DDu_l-bbDb5D5Mijq4","5.00 / 10","","https://drive.google.com/u/2/open?usp=forms_web&id=1w9VhuQ7tGP4vJ2AX4Uyy0N6Ly37yHfU6","3.00 / 5","","https://drive.google.com/u/2/open?usp=forms_web&id=1jGWu0idPf1fJ0g-4W-2ebRtpEiNn9wll","9.00 / 10","","https://drive.google.com/u/2/open?usp=forms_web&id=1ADk4HHrspAwBBiPeJKdFhMByOtks2xD3","3.00 / 5",""
"2021/01/18 1:17:58 PM GMT+6","khadiza.nasrin.cse@ulab.edu.bd","19.00 / 30","191014042","-- / 0","","Khadiza nasrin","-- / 0","","https://drive.google.com/u/2/open?usp=forms_web&id=1LK3dX0iRooTpsDhGdfpD-w95SxkC8o3CB1DgurzNRSc","5.00 / 10","","https://drive.google.com/u/2/open?usp=forms_web&id=1VFXLl8FbmbEv1rOapqKpRV6Jij19i5Az","3.00 / 5","","https://drive.google.com/u/2/open?usp=forms_web&id=194q2Pu9uVmuyU4Axvfw3BudRcsdvyZbkhRd9qz7cdYs","9.00 / 10","","https://drive.google.com/u/2/open?usp=forms_web&id=1EN9XXH8UhUDjBG1cEzV_MQiLmRrl5kHL","2.00 / 5",""
"2021/01/18 1:27:38 PM GMT+6","irfanuddin.ahmed.cse@ulab.edu.bd","21.00 / 30","182014030","-- / 0","","Irfanuddin Ahmed","-- / 0","","https://drive.google.com/u/2/open?usp=forms_web&id=1WpPMd6JNgDKPChX0LRAkE9UIxNx6RI0e","8.00 / 10","","https://drive.google.com/u/2/open?usp=forms_web&id=1JpvdNm5VFQahlxBiYDl_1Sm9Anfu5Twi","3.00 / 5","","https://drive.google.com/u/2/open?usp=forms_web&id=1aDbu6UcSs7rWIqGurqaaZk2k2ty1BDZV","7.50 / 10","","https://drive.google.com/u/2/open?usp=forms_web&id=1rWVfoeQgdPD8mkLQr7LimnuEHLIWP0KE","2.50 / 5",""
"2021/01/18 1:30:00 PM GMT+6","sadia.afrin.cse@ulab.edu.bd","28.00 / 30","191014077","-- / 0","","Sadia Afrin Pinky","-- / 0","","https://drive.google.com/u/2/open?usp=forms_web&id=1w92TTyU41zAq9eRiP0zH-fkfcf7BWri9","10.00 / 10","","https://drive.google.com/u/2/open?usp=forms_web&id=11illhnoBlAK3N2_canb06iCDI0-Jo79E","4.50 / 5","","https://drive.google.com/u/2/open?usp=forms_web&id=1neyezZnXqRGmafHGp5fzV_eV696Nzx17","9.00 / 10","","https://drive.google.com/u/2/open?usp=forms_web&id=1snLA1YcsJP6F0Eh-n_-XQmxzhrnQRvay","4.50 / 5",""
"2021/01/18 1:30:01 PM GMT+6","nisa.akter.cse@ulab.edu.bd","28.00 / 30","Nisa Akter","-- / 0","","182014006","-- / 0","","https://drive.google.com/u/2/open?usp=forms_web&id=128iOBUfjZX5qy0fRcWkNTEO0vY3UbR48","10.00 / 10","","https://drive.google.com/u/2/open?usp=forms_web&id=1Bruw9m8gCrLRmhnJQVyoAJBvOEyGTFnu","4.50 / 5","","https://drive.google.com/u/2/open?usp=forms_web&id=1AxYh3cmrkHz3-7MlSbw6KdFpzKJCAubK","9.00 / 10","","https://drive.google.com/u/2/open?usp=forms_web&id=1y4w7KPVtlINROPvrobSHudjw4mws5HXL","4.50 / 5",""
"2021/01/18 1:37:54 PM GMT+6","tanmim.samad.cse@ulab.edu.bd","19.00 / 30","193014019","-- / 0","","Tanmim samad Alfi","-- / 0","","https://drive.google.com/u/2/open?usp=forms_web&id=1mRQ0KXAX2ZgiIgG2pgFDjdGlwkoSLdSwViKmSdoVnXY","10.00 / 10","","","","","https://drive.google.com/u/2/open?usp=forms_web&id=1mkfiMg3mfoDOQ1HabQH8lxN7igfSyTLFpayql7fTYOI","9.00 / 10","","","",""
"2021/01/18 1:49:32 PM GMT+6","sajid.alam.cse@ulab.edu.bd","18.00 / 30","193014045","-- / 0","","Sajid Alam","-- / 0","","https://drive.google.com/u/2/open?usp=forms_web&id=1wSrFzPjqgp2fNHu9thWZOS1UpaB5A-Ck","4.00 / 10","","https://drive.google.com/u/2/open?usp=forms_web&id=1O5iRdlrUAF2plsahiJoBJLU-CE9ZRugx","2.50 / 5","","https://drive.google.com/u/2/open?usp=forms_web&id=1hYRPXxVc-8kykI9Ngm59prEko2Z5ZjPw","9.00 / 10","","https://drive.google.com/u/2/open?usp=forms_web&id=1IdhKRN8WwRt37sgTLSOQaTKUj8LzN2ub","2.50 / 5",""