"Timestamp","Username","Total score","ID","ID [Score]","ID [Feedback]","Name","Name [Score]","Name [Feedback]","VIVA","VIVA [Score]","VIVA [Feedback]"
"2021/01/17 2:01:48 PM GMT+6","tashfat.fatema.cse@ulab.edu.bd","20.00 / 25","191014020","-- / 0","","Tashfat Fatema","-- / 0","","VIVA Given","20.00 / 25",""
"2021/01/17 2:13:07 PM GMT+6","tahmeed.abdullah.cse@ulab.edu.bd","10.00 / 25","Dewan Tahmeed Abdullah","-- / 0","","181014008","-- / 0","","Viva given","10.00 / 25",""
"2021/01/17 2:26:04 PM GMT+6","maliha.sadia.cse@ulab.edu.bd","10.00 / 25","171014030","-- / 0","","Maliha Sadia","-- / 0","","Viva given","10.00 / 25",""
"2021/01/17 2:38:49 PM GMT+6","shamima.akter1.cse@ulab.edu.bd","12.00 / 25","172014050","-- / 0","","shamima akter fariha","-- / 0","","VIVA GIVEN","12.00 / 25",""
"2021/01/17 2:50:19 PM GMT+6","lamima.afroz.cse@ulab.edu.bd","10.00 / 25","lamima Afroz Entu","-- / 0","","191014081","-- / 0","","VIVA given","10.00 / 25",""
"2021/01/17 3:02:03 PM GMT+6","monika.akther.cse@ulab.edu.bd","12.00 / 25","181014048","-- / 0","","Monika Akther","-- / 0","","Viva given","12.00 / 25",""
"2021/01/17 3:10:58 PM GMT+6","nigar.sultana.cse@ulab.edu.bd","20.00 / 25","183014006","-- / 0","","Nigar Sultana Anni","-- / 0","","Given","20.00 / 25",""
"2021/01/17 3:17:40 PM GMT+6","naser.abdullah.cse@ulab.edu.bd","25.00 / 25","193014041","-- / 0","","Naser Abdullah Alam","-- / 0","","VIVA Given","25.00 / 25",""
"2021/01/17 3:25:21 PM GMT+6","rafiul.hasan1.cse@ulab.edu.bd","22.00 / 25","181014072","-- / 0","","a.b.m rafiul hasan","-- / 0","","viva given","22.00 / 25",""
"2021/01/17 3:33:10 PM GMT+6","shahidul.islam.cse@ulab.edu.bd","20.00 / 25","181014093","-- / 0","","Shahidul Islam","-- / 0","","VIVA Given","20.00 / 25",""
"2021/01/17 3:41:58 PM GMT+6","efat.jahan.cse@ulab.edu.bd","20.00 / 25","172014064","-- / 0","","efat jahan ema","-- / 0","","given","20.00 / 25",""