"Timestamp","Username","Total score","ID","ID [Score]","ID [Feedback]","Name","Name [Score]","Name [Feedback]","Implement the following quicksort algorithm:","Implement the following quicksort algorithm: [Score]","Implement the following quicksort algorithm: [Feedback]"
"2020/11/23 3:57:06 AM GMT+6","mahedul.hasan.cse@ulab.edu.bd","18.00 / 20","192014005","-- / 0","","Mahedul Hasan Rifat","-- / 0","","https://drive.google.com/u/2/open?usp=forms_web&id=1Dgf3w5Rn-A-NP7YMWyQrmOL3a5eGMIBg","18.00 / 20",""
"2020/11/23 10:34:06 PM GMT+6","arunangshu.mojumder.cse@ulab.edu.bd","18.00 / 20","192014037","-- / 0","","Arunangshu Mojumder Raatul","-- / 0","","https://drive.google.com/u/2/open?usp=forms_web&id=1_Z10Gz1PmrOEVfZDWLbQ5PUGFjQl1wqS","18.00 / 20",""
"2020/11/24 5:06:03 AM GMT+6","sumaiya.islam.cse@ulab.edu.bd","17.00 / 20","192014043","-- / 0","","sumaiya islam mouno","-- / 0","","https://drive.google.com/u/2/open?usp=forms_web&id=1zZ3Q0_V9cTF0oV4ITdXXjYKmxD-B6S65","17.00 / 20",""
"2020/11/24 9:52:18 AM GMT+6","sadia.anjum1.cse@ulab.edu.bd","17.00 / 20","Sadia Anjum","-- / 0","","181014028","-- / 0","","https://drive.google.com/u/2/open?usp=forms_web&id=1aQo5sbgH-Gt26HD-QJrieigMUjE5ojHN","17.00 / 20",""
"2020/11/24 10:07:30 AM GMT+6","ahanaf.hossain.cse@ulab.edu.bd","17.00 / 20","Mohammad Ali Ahanaf Hossain","-- / 0","","183014046","-- / 0","","https://drive.google.com/u/2/open?usp=forms_web&id=1PNuLvJN3X6EUWLxwWmHiiX6GtatTM9tG","17.00 / 20",""
"2020/11/24 11:10:17 AM GMT+6","faisal.hossain.cse@ulab.edu.bd","0.00 / 20","182014017","-- / 0","","Faisal Hossain ","-- / 0","","https://drive.google.com/u/2/open?usp=forms_web&id=1RM1I-PBj00JHQtzOsVhVxB73Y5vDcxZ3","-- / 20",""
"2021/01/10 9:01:00 AM GMT+6","sanzida.akter.cse@ulab.edu.bd","0.00 / 20","151014006","-- / 0","","Sanzida AKter","-- / 0","","https://drive.google.com/u/2/open?usp=forms_web&id=15crdnT0N8odLOpVETdCOCrjytUOSxS0P","-- / 20",""
"2021/01/10 9:28:29 AM GMT+6","kamrun.nahar.cse@ulab.edu.bd","18.00 / 20","192014035","-- / 0","","Kamrun nahar","-- / 0","","https://drive.google.com/u/2/open?usp=forms_web&id=1nKDx_ztCQQIKW250zyXgBoKk8FpwvYir","18.00 / 20",""
"2021/01/17 1:36:23 PM GMT+6","umme.salma.cse@ulab.edu.bd","0.00 / 20","192014008","-- / 0","","Umme Salma","-- / 0","","https://drive.google.com/u/2/open?usp=forms_web&id=16jzTzattM7lWsNKkJlW7Cb7Bm8Uoc3Wc","-- / 20",""
"2021/01/18 3:33:31 AM GMT+6","rakibul.islam.cse@ulab.edu.bd","0.00 / 20","182014069","-- / 0","","Rakibul Islam Aurnob","-- / 0","","https://drive.google.com/u/2/open?usp=forms_web&id=1-ZgsPXFRUEKqvVUAYc5ffpTS50k7ZXDI","-- / 20",""