"Timestamp","Username","Total score","ID","ID [Score]","ID [Feedback]","Name","Name [Score]","Name [Feedback]",""," [Score]"," [Feedback]",""," [Score]"," [Feedback]","Implement the functionality required to delete an element from a singly linked list. Use the following functions.","Implement the functionality required to delete an element from a singly linked list. Use the following functions. [Score]","Implement the functionality required to delete an element from a singly linked list. Use the following functions. [Feedback]"
"2020/11/12 1:16:28 AM GMT+6","mostofa.wadud.cse@ulab.edu.bd","8.00 / 60","182014080","-- / 0","","Mostofa Wadud","-- / 0","","https://drive.google.com/u/2/open?usp=forms_web&id=1JiBR5P9pGmwvpg320q-YITfTEqGMaF60","8.00 / 20","","","","","","",""
"2020/11/12 1:29:31 AM GMT+6","mehedi.kayser.cse@ulab.edu.bd","0.00 / 60","151014014","-- / 0","","Md.Mehedi kayser chowdhury","-- / 0","","https://drive.google.com/u/2/open?usp=forms_web&id=1_DpQEJrmhNy9L71Obr5K292yT70J0rU8","-- / 20","","","","","","",""
"2020/11/18 11:17:38 AM GMT+6","khadiza.nasrin.cse@ulab.edu.bd","0.00 / 60","191014042","-- / 0","","Khadiza Nasrin","-- / 0","","","","","https://drive.google.com/u/2/open?usp=forms_web&id=1braZ9bGeBEOM_Y8D5Jlzn8vMBKq90yF56f5uj7arrMo","-- / 20","","","",""
"2020/12/08 9:58:34 PM GMT+6","sadia.afrin.cse@ulab.edu.bd","34.00 / 60","191014077","-- / 0","","Sadia Afrin Pinky","-- / 0","","https://drive.google.com/u/2/open?usp=forms_web&id=1taiWSZcskg_LOp1WHlBQgR_6cHEiIJpa","16.00 / 20","","https://drive.google.com/u/2/open?usp=forms_web&id=1hvz4T5SOsy_6m_dtmByuZ0KY-2zgX6ri","18.00 / 20","","https://drive.google.com/u/2/open?usp=forms_web&id=1MpeiMHzjGyGxF8iVZOptF6fRfBAsdg9Y","-- / 20",""
"2020/12/09 10:05:23 AM GMT+6","irfanuddin.ahmed.cse@ulab.edu.bd","22.00 / 60","182014030","-- / 0","","Irfanuddin Ahmed","-- / 0","","https://drive.google.com/u/2/open?usp=forms_web&id=1M1PeI3bHXajO7RuCQ0ujUvgme3L0fWLw","8.00 / 20","","https://drive.google.com/u/2/open?usp=forms_web&id=18z3QA3I_hWqqQMCJT39gOdW6fmNdy1Er","14.00 / 20","","","",""
"2020/12/27 9:39:42 PM GMT+6","nisa.akter.cse@ulab.edu.bd","56.00 / 60","182014006","-- / 0","","Nisa Akter","-- / 0","","https://drive.google.com/u/2/open?usp=forms_web&id=1bbCY5CoftZ-_fZ25Zsco0iqwdjYNZvQv","16.00 / 20","","https://drive.google.com/u/2/open?usp=forms_web&id=14GqIRFQLcS5-YOn7hmu9VAlV2NAUp59I","20.00 / 20","","https://drive.google.com/u/2/open?usp=forms_web&id=1c19xEXUecZm-LT4sdGhEHiGnODAABhhc","20.00 / 20",""