"Timestamp","Username","Total score","ID","ID [Score]","ID [Feedback]","Name","Name [Score]","Name [Feedback]","Implement the selection sort algorithm using the following pseudocode.","Implement the selection sort algorithm using the following pseudocode. [Score]","Implement the selection sort algorithm using the following pseudocode. [Feedback]","Implement the binary search algorithm using the following pseudocode.","Implement the binary search algorithm using the following pseudocode. [Score]","Implement the binary search algorithm using the following pseudocode. [Feedback]"
"2020/12/21 7:40:46 AM GMT+6","khadiza.nasrin.cse@ulab.edu.bd","0.00 / 40","191014042","-- / 0","","Khadiza Nasrin","-- / 0","","https://drive.google.com/u/2/open?usp=forms_web&id=1JaqgPCXidaRs3udAgp1gbVcEDnO9nWfbqBmdaEcFujg","-- / 20","","","",""
"2020/12/21 9:55:18 AM GMT+6","ahsan.habib1.cse@ulab.edu.bd","0.00 / 40","182014035","-- / 0","","Md. Ahsan Habib Atik","-- / 0","","https://drive.google.com/u/2/open?usp=forms_web&id=1CtWfEYObr86tbUITkfyVkVRNwvdD4uzV","-- / 20","","","",""
"2020/12/27 8:31:37 PM GMT+6","sadia.afrin.cse@ulab.edu.bd","40.00 / 40","191014077","-- / 0","","Sadia Afrin Pinky","-- / 0","","https://drive.google.com/u/2/open?usp=forms_web&id=12mFKXLkyNQd9ttv5PilAuNscpOyYzWQI","20.00 / 20","","https://drive.google.com/u/2/open?usp=forms_web&id=1HQtIDCHfN1r2a-gOiEJW1DH3yY_4dOXX","20.00 / 20",""
"2020/12/27 9:57:09 PM GMT+6","nisa.akter.cse@ulab.edu.bd","40.00 / 40","182014006","-- / 0","","Nisa Akter","-- / 0","","https://drive.google.com/u/2/open?usp=forms_web&id=16Iufgq6je361Z0A2_9K7RUUhaAhjWw6Q","20.00 / 20","","https://drive.google.com/u/2/open?usp=forms_web&id=1R1JoeXSJtLHcQuNuOV07G8pcBVUwaaVx","20.00 / 20",""
"2021/01/12 8:12:49 AM GMT+6","irfanuddin.ahmed.cse@ulab.edu.bd","0.00 / 40","182014030","-- / 0","","Irfanuddin Ahmed","-- / 0","","https://drive.google.com/u/2/open?usp=forms_web&id=1uPExm7djGlev-lv27pjNotcouzVjFquC","-- / 20","","https://drive.google.com/u/2/open?usp=forms_web&id=1pGjvtMUL6AluU7A4HInSAhgxOWif_gf5","-- / 20",""