"Timestamp","Username","Total score","ID","ID [Score]","ID [Feedback]","Name","Name [Score]","Name [Feedback]",""," [Score]"," [Feedback]"
"2021/01/05 3:36:29 PM GMT+6","nicholas.gomes.cse@ulab.edu.bd","14.00 / 20","172014005","-- / 0","","Nicholas Tony Gomes","-- / 0","","https://drive.google.com/u/2/open?usp=forms_web&id=1HX1vxeb4_bDD-o7VafjkCkGN4h3ZA35k","14.00 / 20","(2+1+2)+(3+2+4)=14
"
"2021/01/05 3:48:30 PM GMT+6","atiqur.rahman.cse@ulab.edu.bd","16.00 / 20","152014020","-- / 0","","Md. Atiqur Rahman","-- / 0","","https://drive.google.com/u/2/open?usp=forms_web&id=1HWojwQjwMM9HuA1_q-gL543EUTfw9GMd","16.00 / 20","(3+1.5+3)+(3+2+3.5)=16
"
"2021/01/05 3:48:34 PM GMT+6","sabiha.sumaiya.cse@ulab.edu.bd","20.00 / 20","172014007","-- / 0","","Sabiha Sumaiya","-- / 0","","https://drive.google.com/u/2/open?usp=forms_web&id=1vZ35ySsqv9xGhMhQB4pyqWb1yGz-3khd","20.00 / 20","(4+2+4)+(4+2+4)=20
"
"2021/01/05 3:48:51 PM GMT+6","tabachsum.islam.cse@ulab.edu.bd","12.50 / 20","172014051","-- / 0","","Tabachsum Islam  ","-- / 0","","https://drive.google.com/u/2/open?usp=forms_web&id=1sMmA57tNNvNiM9M9Xgsg49dG1Vt44XSd","12.50 / 20","(4+0+0)+(3+2+3.5)=12.5
"
"2021/01/05 3:49:02 PM GMT+6","tamanna.islam1.cse@ulab.edu.bd","12.50 / 20","172014052","-- / 0","","Tamanna Islam","-- / 0","","https://drive.google.com/u/2/open?usp=forms_web&id=1xF_8jfLNhbNKbFeUbEYK1LRnxC_zChwC","12.50 / 20","(4+0+0)+(3+2+3.5)=12.5
"
"2021/01/05 3:50:56 PM GMT+6","abel.mrong.deh@ulab.edu.bd","13.00 / 20","163014051","-- / 0","","Abel Mrong","-- / 0","","https://drive.google.com/u/2/open?usp=forms_web&id=1fanVtXMPNkbUla4SFZBVWA3Khs0Jt81n","13.00 / 20","(2.5+1.5+0)+(3+2+4)=13
"
"2021/01/05 3:51:38 PM GMT+6","abdulla.numan.cse@ulab.edu.bd","20.00 / 20","172014013","-- / 0","","Abdulla Al Numan ","-- / 0","","https://drive.google.com/u/2/open?usp=forms_web&id=17IPS9Ggs6pfWBcfsjbHvR9npvyxWuoJp","20.00 / 20","(4+2+4)+(4+2+4)=20
"
"2021/01/05 3:52:32 PM GMT+6","sadia.hasan.cse@ulab.edu.bd","19.00 / 20","Sadia Hasan Hima","-- / 0","","161014008","-- / 0","","https://drive.google.com/u/2/open?usp=forms_web&id=1-Pffd_tZXbTerquVpgRHLJ-EGVkQbGpW","19.00 / 20","(4+2+4)+(3+2+4)=19
"
"2021/01/05 3:56:55 PM GMT+6","nuzhat.farhana.cse@ulab.edu.bd","17.00 / 20","153014015","-- / 0","","Nuzhat Farhana Prekkha ","-- / 0","","https://drive.google.com/u/2/open?usp=forms_web&id=10u64vrCnPuVbYyUl4mOnreMBZLRz3XR6","17.00 / 20","(4+0+4)+(3+2+4)=17
"
"2021/01/05 3:58:30 PM GMT+6","mehedi.hasan4.cse@ulab.edu.bd","19.00 / 20","161014023","-- / 0","","Md Mehedi Hasan","-- / 0","","https://drive.google.com/u/2/open?usp=forms_web&id=1goXLuqroahOLPHIr1fsIiqNt_8hOpOsi","19.00 / 20","(4+2+4)+(3+2+4)=19
"
"2021/01/05 3:59:06 PM GMT+6","rafsan.jamil.cse@ulab.edu.bd","10.50 / 20","153014011","-- / 0","","Rafsan jamil","-- / 0","","https://drive.google.com/u/2/open?usp=forms_web&id=1SIEyC4LhtcNTQwD7SDDgtWHUXPf8xsuN","10.50 / 20","(2+0+0)+(3+2+3.5)=10.5
"
"2021/01/05 3:59:42 PM GMT+6","emran.hossain.cse@ulab.edu.bd","12.00 / 20","163014042","-- / 0","","Md Emran Hossain Eju","-- / 0","","https://drive.google.com/u/2/open?usp=forms_web&id=1w5dVxY8WEi_5h7x0psPN4cHW6UtCqEtc","12.00 / 20","(2+1+0)+(3+2+4)=12
"
"2021/01/05 3:59:59 PM GMT+6","lutful.kabir.cse@ulab.edu.bd","19.00 / 20","161014012","-- / 0",""," A S M lutful kabir","-- / 0","","https://drive.google.com/u/2/open?usp=forms_web&id=1l3p_nnj8YzZUeDctjm2kn3c7X4CMOyuo","19.00 / 20","(4+2+4)+(3+2+4)=19
"