"Timestamp","Username","Total score","ID","ID [Score]","ID [Feedback]","Name","Name [Score]","Name [Feedback]",""," [Score]"," [Feedback]"
"2021/01/05 2:06:02 PM GMT+6","mehedi.hasan13.cse@ulab.edu.bd","9.50 / 20","201014082","-- / 0","","Md. Mehedi Hasan","-- / 0","","https://drive.google.com/u/2/open?usp=forms_web&id=1Cz5yePbJ73Z1aXm09cE-VR1-qGi-OMJ-","9.50 / 20","4+(3+2.5)=9.5
"
"2021/01/05 2:17:05 PM GMT+6","habiba.akter2.cse@ulab.edu.bd","10.50 / 20","201014074","-- / 0","","Habiba Akter Mou ","-- / 0","","https://drive.google.com/u/2/open?usp=forms_web&id=1Rf7Mj4yNtPTwsMSVryvozw5f5mEVLled","10.50 / 20","4+(4+2.5)=10.5
"
"2021/01/05 2:23:08 PM GMT+6","arif.fuad.cse@ulab.edu.bd","13.50 / 20","201014083","-- / 0","","Akash","-- / 0","","https://drive.google.com/u/2/open?usp=forms_web&id=1jrrOpnhuW8b4ewWolsQ0j9h_8F570bos","13.50 / 20","4+(5+4.5)=13.5
"
"2021/01/05 2:23:17 PM GMT+6","mahamudul.hassan.cse@ulab.edu.bd","9.00 / 20","201014011","-- / 0","","Mahamudul Hassan Shisir","-- / 0","","https://drive.google.com/u/2/open?usp=forms_web&id=1YkKbmZ1BwXKO1pHdMrJPuhjIZkuIyuB2","9.00 / 20","4+(5+0)=9
"
"2021/01/05 2:23:29 PM GMT+6","rezoana.tasnim.cse@ulab.edu.bd","12.00 / 20","183014047","-- / 0","","rezoana tasnim koly ","-- / 0","","https://drive.google.com/u/2/open?usp=forms_web&id=1poxKxkZdenApLFxFq9eEiotRo4Al60xA","12.00 / 20","4+(5+3)=12
"
"2021/01/05 2:24:02 PM GMT+6","mahisur.rahman.cse@ulab.edu.bd","12.00 / 20","182014016","-- / 0","","Mahisur Rahman","-- / 0","","https://drive.google.com/u/2/open?usp=forms_web&id=1cKPVvtCBITGoWPOrn7MTnmbqqAKAnv6K","12.00 / 20","4+(5+3)=12
"
"2021/01/05 2:25:02 PM GMT+6","arpita.podder.cse@ulab.edu.bd","7.00 / 20","201014062","-- / 0","","Arpita Podder","-- / 0","","https://drive.google.com/u/2/open?usp=forms_web&id=1BO2cETeaaJ4sFEAWl8J7tVam_XOlGy7S","7.00 / 20","4+(3+0)=7
"
"2021/01/05 2:25:53 PM GMT+6","mridul.ghosh.cse@ulab.edu.bd","11.00 / 20","201014085","-- / 0","","Mridul Ghosh","-- / 0","","https://drive.google.com/u/2/open?usp=forms_web&id=1qThNOOUFnDwO80n2JfG0_teX2Cxcf4Ns","11.00 / 20","4+(5+2)=11
"
"2021/01/05 2:26:48 PM GMT+6","sohanur.rahman1.cse@ulab.edu.bd","12.00 / 20","182014003","-- / 0","","Sohanur Rahman","-- / 0","","https://drive.google.com/u/2/open?usp=forms_web&id=14J5htvVifqKDxVydtKfHjaawa-wG0QyI","12.00 / 20","4+(4+4)=12
"
"2021/01/05 2:27:31 PM GMT+6","tanmim.samad.cse@ulab.edu.bd","4.00 / 20","193014019","-- / 0","","Tanmim samad Alfi","-- / 0","","https://drive.google.com/u/2/open?usp=forms_web&id=1h6XgU5DZRR8iPd9EN6zaXrzFa4xWkb7G","4.00 / 20","4+(0+0)=4
"
"2021/01/05 2:27:53 PM GMT+6","zahid.hasan.cse@ulab.edu.bd","17.00 / 20","182014011","-- / 0","","Zahid Hasan","-- / 0","","https://drive.google.com/u/2/open?usp=forms_web&id=1tDGYWT3eBjUsUN47gsE0UPjHj8eKDnh8","17.00 / 20","8+(5+4)=17
"
"2021/01/05 2:30:17 PM GMT+6","shurfa.maliha.cse@ulab.edu.bd","16.00 / 20","201014034","-- / 0","","Shurfa Maliha Lorin","-- / 0","","https://drive.google.com/u/2/open?usp=forms_web&id=15CcquOi5vWlw0jusLX7D_SVVDHT92CZR","16.00 / 20","8+(5+3)=16
"
"2021/01/05 2:31:06 PM GMT+6","nayla.muqim.cse@ulab.edu.bd","14.00 / 20","201014100","-- / 0","","Nayla Muqim ","-- / 0","","https://drive.google.com/u/2/open?usp=forms_web&id=1jHH0B-7lC5abYuIJl9hmvo210VVfRgDV","14.00 / 20","4+(5+5)=14
"
"2021/01/05 2:32:41 PM GMT+6","pranto.barai.cse@ulab.edu.bd","12.00 / 20","201014035","-- / 0","","Pranto Barai","-- / 0","","https://drive.google.com/u/2/open?usp=forms_web&id=1JQtLzReRhKI6vVqdWncDWy6-omlQK1jj","12.00 / 20","4+(5+3)=12
"
"2021/01/05 2:40:15 PM GMT+6","emtu.paul.cse@ulab.edu.bd","11.50 / 20","201014056","-- / 0","","Emtu rani paul.","-- / 0","","https://drive.google.com/u/2/open?usp=forms_web&id=1XNXW6xTaf1vQ85Zz9tK3hESC1lOCY2S3","11.50 / 20","4+(5+2.5)=11.5
"
"2021/01/05 2:40:54 PM GMT+6","kumar.mondal.cse@ulab.edu.bd","12.00 / 20","201014050","-- / 0","","Dip kumar Mondal","-- / 0","","https://drive.google.com/u/2/open?usp=forms_web&id=1zQZXPm5ZtYYEeql9Z8Hp8r99z1FAp0PW","12.00 / 20","4+(5+3)=12
"
"2021/01/05 2:43:43 PM GMT+6","antor.das.cse@ulab.edu.bd","14.00 / 20","201014110","-- / 0","","Antor Das","-- / 0","","https://drive.google.com/u/2/open?usp=forms_web&id=1H8-ZXpjMN_gVJfBv3EANMH_p2f144qkR","14.00 / 20","4+(5+5)=14
"
"2021/01/05 2:44:30 PM GMT+6","sourav.kunda.cse@ulab.edu.bd","10.00 / 20","Sourav","-- / 0","","Kundu","-- / 0","","https://drive.google.com/u/2/open?usp=forms_web&id=1jRqCCmSi4lSxbZwsWgrB0WUnWt9kDXFn","10.00 / 20","4+(5+1)=10
"
"2021/01/05 2:44:47 PM GMT+6","shalizma.islam.cse@ulab.edu.bd","11.50 / 20","192014029","-- / 0","","Shalizma Islam Hadia ","-- / 0","","https://drive.google.com/u/2/open?usp=forms_web&id=1esY1iL5QhJ2pw3WO81oVrNYbesSXkVYM","11.50 / 20","4+(5+2.5)=11.5
"
"2021/01/05 2:44:58 PM GMT+6","foysal.hasan.cse@ulab.edu.bd","12.00 / 20","201014058","-- / 0","","Foysal Hasan Rafi","-- / 0","","https://drive.google.com/u/2/open?usp=forms_web&id=1GzzJtfkPwoZohfKf4fdLGLCdn4Sy6JCL","12.00 / 20","4+(3.5+4.5)=12
"
"2021/01/05 2:51:10 PM GMT+6","asiful.islam.cse@ulab.edu.bd","11.50 / 20","201014030","-- / 0","","Md Asiful Islam  ","-- / 0","","https://drive.google.com/u/2/open?usp=forms_web&id=1OZFe69N1qMURAAJQTJSKWy-t5f2pZtMP","11.50 / 20","4+(5+2.5)=11.5
"
"2021/01/05 2:51:52 PM GMT+6","zeenat.akter.cse@ulab.edu.bd","9.50 / 20","201014098","-- / 0","","zeenat","-- / 0","","https://drive.google.com/u/2/open?usp=forms_web&id=1ynAoJodo-2G8fsDYlnlBusm_BG6dgAxz","9.50 / 20","4+(3.5+2)=9.5
"
"2021/01/05 2:53:05 PM GMT+6","anwar.hossain1.cse@ulab.edu.bd","12.00 / 20","201014029","-- / 0","","MD. Anwar Hossain","-- / 0","","https://drive.google.com/u/2/open?usp=forms_web&id=1rDOxvaGz7S1zQLmnmnyZ0Zp900zY9msE","12.00 / 20","4+(5+3)=12
"
"2021/01/05 3:41:07 PM GMT+6","ashiqur.rahman3.cse@ulab.edu.bd","11.00 / 20","191014054","-- / 0","","Ashiqur Rahman Prince","-- / 0","","https://drive.google.com/u/2/open?usp=forms_web&id=1nKYXMQEvRIvpCMIMtalW6J6zjHBWW4Tk","11.00 / 20","4+(4.5+2.5)=11
"
"2021/01/05 4:01:13 PM GMT+6","nafia.rahaman.cse@ulab.edu.bd","10.00 / 20","192014016","-- / 0","","Nafia Rahaman Nafi","-- / 0","","https://drive.google.com/u/2/open?usp=forms_web&id=1ZHcepxxH5DKgpcfhaTQgvqpNhyZ882Sc","10.00 / 20","4+(3.5+2.5)=10
"