"Timestamp","Username","Total score","ID","ID [Score]","ID [Feedback]","Name","Name [Score]","Name [Feedback]",""," [Score]"," [Feedback]","Viva/Voce","Viva/Voce [Score]","Viva/Voce [Feedback]"
"2020/11/02 6:42:14 PM GMT+6","sumaiya.islam.cse@ulab.edu.bd","19.50 / 20","192014043","-- / 0","","Sumaiya  Islam Mouno","-- / 0","","https://drive.google.com/u/2/open?usp=forms_web&id=1RMEJ9O8hLKm0Emy2I6-e1XLUMjswYRr8","9.50 / 10","","not done yet.","10.00 / 10",""
"2020/11/02 9:10:47 PM GMT+6","ahanaf.hossain.cse@ulab.edu.bd","13.00 / 20","183014046","-- / 0","","Mohammad Ali Ahanaf Hossain","-- / 0","","https://drive.google.com/u/2/open?usp=forms_web&id=1pREXkB7-2Q83JcZi8EEtKlhkC2iIcLID","7.00 / 10","","....","6.00 / 10",""
"2020/11/03 12:41:55 AM GMT+6","rokibul.hasan.cse@ulab.edu.bd","14.00 / 20","171014033","-- / 0","","Md. Rokibul Hasan","-- / 0","","https://drive.google.com/u/2/open?usp=forms_web&id=1zUSS0cWq9Irsvz24wAF7H727wPElHDHJ","7.50 / 10",""," number of elements=10 Array's Elements=10 12 14 16 18 20 22 24 26 28 element which to be searched=26 Found at= 9  Linear Search Time taken by program is : 0.001000 sec  Binary Search Time taken by program is : 0.002000 sec   number of elements=9 Array's Elements=1 2 3 4 5 6 7 8 9 Enter element which to be searched=6 Element Found at= 6  Linear Search Time taken by program is : 0.001000 sec Binary Search Time taken by program is : 0.001000 sec","6.50 / 10",""
"2020/11/03 3:34:59 AM GMT+6","faisal.hossain.cse@ulab.edu.bd","8.00 / 20","182014017","-- / 0","","MD Faisal Hossain","-- / 0","","https://drive.google.com/u/2/open?usp=forms_web&id=1ndlbjO2zJ5Oi_9-DFbp9gjIwBNGk2uOo","7.00 / 10","","yes","1.00 / 10",""
"2020/11/03 8:32:26 AM GMT+6","mahedul.hasan.cse@ulab.edu.bd","15.00 / 20","192014005","-- / 0","","Mahedul Hasan Rifat","-- / 0","","https://drive.google.com/u/2/open?usp=forms_web&id=10ysNmPn5oQ8dcELh2vXtKzDZkS372VGt","7.50 / 10","","Binary search is faster than linear search, except for small arrays. As I used small array, both searching algorithm took different time for execution. Linear search took about 150-160 millisecond and binary search took 1 decisecond. ","7.50 / 10",""
"2020/11/03 9:52:51 AM GMT+6","arunangshu.mojumder.cse@ulab.edu.bd","17.50 / 20","192014037","-- / 0","","Arunangshu Mojumder Raatul","-- / 0","","https://drive.google.com/u/2/open?usp=forms_web&id=1swe7h0JfpcuoSnysbRprh9RZWZeaMV03","8.00 / 10","","Pending","9.50 / 10",""
"2020/11/03 10:26:41 AM GMT+6","tansim.anjum.cse@ulab.edu.bd","20.00 / 20","182014024","-- / 0","","Tansim Anjum","-- / 0","","https://drive.google.com/u/2/open?usp=forms_web&id=19mEaDulceTsTjW4wZHBTRkwGMA_Bo78C","10.00 / 10","","By speculating the result its is proven that binary search is much more efficient than linear search","10.00 / 10",""
"2020/11/03 10:52:40 AM GMT+6","faysal.ahmmed.cse@ulab.edu.bd","8.00 / 20","193014075","-- / 0","","Md Faysal ahmmed","-- / 0","","https://drive.google.com/u/2/open?usp=forms_web&id=1Vm7PLUxIhA8omq7rReqioRqferlGMVSL","7.00 / 10","","yes","1.00 / 10",""
"2020/11/03 11:02:06 AM GMT+6","sanzida.akter.cse@ulab.edu.bd","0.00 / 20","151014006","-- / 0","","Sanzida Akter","-- / 0","","https://drive.google.com/u/2/open?usp=forms_web&id=1KOvcIWjyFcCMzreAYabTB8-iydfou4g0","-- / 10","","0","-- / 10",""
"2020/11/04 6:04:49 PM GMT+6","kamrun.nahar.cse@ulab.edu.bd","14.00 / 20","192014035","-- / 0","","Kmarun Nahar","-- / 0","","https://drive.google.com/u/2/open?usp=forms_web&id=1nsDGIXUANBgg8W4vU32e5pHH1m-6CrW6","7.00 / 10","","Yes","7.00 / 10",""
"2020/11/09 9:42:50 PM GMT+6","umme.salma.cse@ulab.edu.bd","18.00 / 20","192014008","-- / 0","","Umme Salma","-- / 0","","https://drive.google.com/u/2/open?usp=forms_web&id=1vwsSmAToCIIBl3Sr5znWSRtyIHqbpBt3","10.00 / 10","","not done","8.00 / 10",""
"2020/11/10 10:51:15 AM GMT+6","sadia.anjum1.cse@ulab.edu.bd","19.00 / 20","181014028","-- / 0","","Sadia Anjum","-- / 0","","https://drive.google.com/u/2/open?usp=forms_web&id=1yYWSrmCf_SQhVxp5cRFiQmqe4tUj9tYF","10.00 / 10","","assignment1","9.00 / 10",""
"2020/11/14 5:11:14 AM GMT+6","mostaq.khan.cse@ulab.edu.bd","0.00 / 20","182014074","-- / 0","","MD. MOSTAQ KHAN","-- / 0","","https://drive.google.com/u/2/open?usp=forms_web&id=1gB6tMFT39AlQRLNR2CItCFd5QkJy7EsQ","-- / 10","","Viva Done","-- / 10",""
"2020/11/17 8:24:16 PM GMT+6","rakibul.islam.cse@ulab.edu.bd","19.00 / 20","182014069","-- / 0","","Rakibul islam aurnob ","-- / 0","","https://drive.google.com/u/2/open?usp=forms_web&id=1WgfrBVeLLQKeP5SFZOzCAeVfTAE7fjET","10.00 / 10","","10","9.00 / 10",""