"Timestamp","Username","Total score","ID","ID [Score]","ID [Feedback]","Name","Name [Score]","Name [Feedback]","Implement the activity selection algorithm using the following pseudocode.","Implement the activity selection algorithm using the following pseudocode. [Score]","Implement the activity selection algorithm using the following pseudocode. [Feedback]"
"2020/12/13 10:39:41 AM GMT+6","sadia.anjum1.cse@ulab.edu.bd","20.00 / 20","181014028","-- / 0","","Sadia Anjum","-- / 0","","https://drive.google.com/u/2/open?usp=forms_web&id=1iiSeh0bQ15HdTx50bszvJzWV_DMbg_yA","20.00 / 20",""
"2020/12/14 8:36:50 PM GMT+6","arunangshu.mojumder.cse@ulab.edu.bd","20.00 / 20","192014037","-- / 0","","Arunangshu Mojumder Raatul","-- / 0","","https://drive.google.com/u/2/open?usp=forms_web&id=1EnQo17AAdU63m9f6O-j_4eRPmizZ9z6I","20.00 / 20",""
"2020/12/15 12:09:38 AM GMT+6","kamrun.nahar.cse@ulab.edu.bd","18.00 / 20","192014035","-- / 0","","Kamrun Nahar","-- / 0","","https://drive.google.com/u/2/open?usp=forms_web&id=1ETRnBezVqknrM1crqyEV4pVuj1VZxLRK","18.00 / 20",""
"2020/12/15 2:21:37 AM GMT+6","mahedul.hasan.cse@ulab.edu.bd","20.00 / 20","192014005","-- / 0","","Mahedul Hasan Rifat","-- / 0","","https://drive.google.com/u/2/open?usp=forms_web&id=1MJybaiRxxvh-qlOIjhCbXSDd2e-6D_MT","20.00 / 20",""
"2020/12/15 3:26:01 AM GMT+6","tansim.anjum.cse@ulab.edu.bd","20.00 / 20","Tansim Anjum","-- / 0","","182014024","-- / 0","","https://drive.google.com/u/2/open?usp=forms_web&id=1pmcHr9M767rvK2IWmPIQckZPDhH9HEdq","20.00 / 20",""
"2020/12/15 7:50:34 AM GMT+6","sumaiya.islam.cse@ulab.edu.bd","20.00 / 20","192014043","-- / 0","","sumaiya islam mouno","-- / 0","","https://drive.google.com/u/2/open?usp=forms_web&id=1MAdYwXfPr0buPmp1dbfxJJxTridvhf2y","20.00 / 20",""
"2020/12/15 10:35:51 AM GMT+6","umme.salma.cse@ulab.edu.bd","19.00 / 20","192014008","-- / 0","","Umme Salma","-- / 0","","https://drive.google.com/u/2/open?usp=forms_web&id=1ZUP7JZJRgwY1xmI_TStAuHf2G4KU2WLc","19.00 / 20",""
"2020/12/15 10:51:17 AM GMT+6","ahanaf.hossain.cse@ulab.edu.bd","20.00 / 20","183014046","-- / 0","","Mohammad Ali Ahanaf Hossain","-- / 0","","https://drive.google.com/u/2/open?usp=forms_web&id=1fNBDCihujheZxMislRVsHMJlUV5jg17i","20.00 / 20",""
"2021/01/06 10:11:27 PM GMT+6","faisal.hossain.cse@ulab.edu.bd","0.00 / 20","182014017","-- / 0","","Faisal hossain","-- / 0","","https://drive.google.com/u/2/open?usp=forms_web&id=16e-4rGiBz2dOM8dCa8aGHWWRCHXTPe1m","-- / 20",""
"2021/01/10 8:58:35 AM GMT+6","sanzida.akter.cse@ulab.edu.bd","0.00 / 20","151014006","-- / 0","","Sanzida Akter","-- / 0","","https://drive.google.com/u/2/open?usp=forms_web&id=1sf2XDjapEnVOzEOEi7AhbQh2RAdfmqkJ","-- / 20",""
"2021/01/11 9:14:23 PM GMT+6","rakibul.islam.cse@ulab.edu.bd","0.00 / 20","182014069","-- / 0","","MD Rakibul Islam Aurnob","-- / 0","","https://drive.google.com/u/2/open?usp=forms_web&id=1y7K7s2LQn_Z_i6FejKnPD7kCd5MXbVBW","-- / 20",""