"Timestamp","Username","Total score","ID","ID [Score]","ID [Feedback]","Name","Name [Score]","Name [Feedback]",""," [Score]"," [Feedback]",""," [Score]"," [Feedback]","VIVA!!! Please upload an audio recording explaining your solutions in this section.","VIVA!!! Please upload an audio recording explaining your solutions in this section. [Score]","VIVA!!! Please upload an audio recording explaining your solutions in this section. [Feedback]"
"2021/01/17 1:18:46 PM GMT+6","tansim.anjum.cse@ulab.edu.bd","15.00 / 30","18201424","-- / 0","","Tansim Anjum","-- / 0","","","","","https://drive.google.com/u/2/open?usp=forms_web&id=1mBWmQ5AFYyXvUQiF6Wo_t3FAEN_BiMr7","10.00 / 10","","https://drive.google.com/u/2/open?usp=forms_web&id=1B0DvdDAAAxPqu1QkOosbugYZ-utDiEgz","5.00 / 10",""
"2021/01/17 1:26:26 PM GMT+6","sumaiya.islam.cse@ulab.edu.bd","29.00 / 30","192014043","-- / 0","","sumaiya islam mouno","-- / 0","","https://drive.google.com/u/2/open?usp=forms_web&id=1EiFrQt8hdJjA2KGPNYMR5pNo0CLcRq3z","10.00 / 10","","https://drive.google.com/u/2/open?usp=forms_web&id=13RN4lT5v1LqP8jBjDe8Sn3pDanRO68mu","10.00 / 10","","https://drive.google.com/u/2/open?usp=forms_web&id=1p6fYdddl2VOYj1fRfZWIxybYg3nex7Kl","9.00 / 10",""
"2021/01/17 1:29:41 PM GMT+6","mahedul.hasan.cse@ulab.edu.bd","29.00 / 30","192014005","-- / 0","","Mahedul Hasan Rifat","-- / 0","","https://drive.google.com/u/2/open?usp=forms_web&id=1b9hux0MBgLCUaAYV8VpK8utpNunS-qit","10.00 / 10","","https://drive.google.com/u/2/open?usp=forms_web&id=1piGIuOmJ4B6l-gClOXgkkqMbOG8yDXaU","10.00 / 10","","https://drive.google.com/u/2/open?usp=forms_web&id=1SrA9zmF-UCkKbehvNCnInB4_xhA-KYRt","9.00 / 10",""
"2021/01/17 1:30:17 PM GMT+6","umme.salma.cse@ulab.edu.bd","24.00 / 30","192014008","-- / 0","","Umme Salma","-- / 0","","https://drive.google.com/u/2/open?usp=forms_web&id=1d1q4RH_ye4Xdj3g8dYsm-pbEkYJXVEhr","7.00 / 10","","https://drive.google.com/u/2/open?usp=forms_web&id=1eXDXjtxCOtvB0hfoQFntc52_OX1SN2us","9.00 / 10","","https://drive.google.com/u/2/open?usp=forms_web&id=1p4GprbhfdFgv7y10jPw2PXtpjJwxhH0q","8.00 / 10",""
"2021/01/17 1:34:04 PM GMT+6","ahanaf.hossain.cse@ulab.edu.bd","19.00 / 30","183014046","-- / 0","","Mohammad Ali Ahanaf Hossain","-- / 0","","https://drive.google.com/u/2/open?usp=forms_web&id=1Wy_pkiRUnMLsxZZdlZp2zQSpgdRvvUIM","5.00 / 10","","https://drive.google.com/u/2/open?usp=forms_web&id=1jloxA9h91ekXTp_uPu4LeOX6AZDFOcc1","7.00 / 10","","https://drive.google.com/u/2/open?usp=forms_web&id=1FqMWWx0kBnfb4Go0hz-f5S02YWrs_RwG","7.00 / 10",""
"2021/01/17 1:37:03 PM GMT+6","sanzida.akter.cse@ulab.edu.bd","9.00 / 30","151014006","-- / 0","","Sanzida akter","-- / 0","","https://drive.google.com/u/2/open?usp=forms_web&id=1XPK8vSopNHLIiPgAMfGgMzDYVk1heQop","2.00 / 10","","https://drive.google.com/u/2/open?usp=forms_web&id=1YDRAhBc7OeAaB7Ys9KJ1l86Zg-wm07Z_","2.00 / 10","","https://drive.google.com/u/2/open?usp=forms_web&id=1p2ujFKkCqLsElushbYOBn4gKxnRscFzN","5.00 / 10",""
"2021/01/17 1:37:04 PM GMT+6","faisal.hossain.cse@ulab.edu.bd","9.00 / 30","182014017","-- / 0","","MD Faisal Hossain","-- / 0","","https://drive.google.com/u/2/open?usp=forms_web&id=1r2Uxbz0WbY5oC-cJnefQDJ-Pj24fSnU_","2.00 / 10","","https://drive.google.com/u/2/open?usp=forms_web&id=1eRVBWQlNfK5Sci_JFuucAmCuVOzKFk2C","2.00 / 10","","https://drive.google.com/u/2/open?usp=forms_web&id=1eiEz5nBVoQXxtYsNbGxyVJamAEJGnDb1","5.00 / 10",""
"2021/01/17 1:39:55 PM GMT+6","foysal.mahmud.cse@ulab.edu.bd","12.50 / 30","171-01-4082","-- / 0","","Foysal Mahmud","-- / 0","","","","","https://drive.google.com/u/2/open?usp=forms_web&id=11ZhouuEBNY8pjsvOiQPaILiwiY5ACp6t","7.50 / 10","","https://drive.google.com/u/2/open?usp=forms_web&id=1mRIT-2C4wnQlKZDuMtN2SGYlP-gOb-ym","5.00 / 10",""
"2021/01/17 1:40:22 PM GMT+6","sadia.anjum1.cse@ulab.edu.bd","26.00 / 30","Sadia Anjum","-- / 0","","181014028","-- / 0","","","","","https://drive.google.com/u/2/open?usp=forms_web&id=1srzkm-EvEP6n-pxS5IkVsrguWcREdpTX","10.00 / 10","","https://drive.google.com/u/2/open?usp=forms_web&id=1ljCNu4Ea7XquvhW-UM1l7Sa0JtDjWxeg","8.00 / 10",""
"2021/01/17 1:44:24 PM GMT+6","arunangshu.mojumder.cse@ulab.edu.bd","29.00 / 30","192014037","-- / 0","","Arunangshu Mojumder Raatul","-- / 0","","https://drive.google.com/u/2/open?usp=forms_web&id=1RuQ8j3LZDFvDGm_5g6iiXa0ypH20Yntr","10.00 / 10","","https://drive.google.com/u/2/open?usp=forms_web&id=18kEnO8CcEzwKqD6jZ_dOcjd_xhAdOLKb","10.00 / 10","","https://drive.google.com/u/2/open?usp=forms_web&id=1aBNFTHsJvyXFzN47n9w6wNd0Ya08bWCH","9.00 / 10",""
"2021/01/17 1:45:43 PM GMT+6","kamrun.nahar.cse@ulab.edu.bd","26.00 / 30","192014035","-- / 0","","Kamrun Nahar","-- / 0","","https://drive.google.com/u/2/open?usp=forms_web&id=1IHQP47Jyx-DpAJQ_ilJf-1gKgCYwPWhe","8.00 / 10","","https://drive.google.com/u/2/open?usp=forms_web&id=1ZM3RH3-aMXxTLZkXDAR9fdqrbRi7AWa0","10.00 / 10","","https://drive.google.com/u/2/open?usp=forms_web&id=1h3cd20S9WAUw7Z9okmpbFglS-Tdp2UCy","8.00 / 10",""