"Timestamp","Username","Total score","ID","ID [Score]","ID [Feedback]","Name","Name [Score]","Name [Feedback]",""," [Score]"," [Feedback]"
"2020/11/30 2:20:42 PM GMT+6","anika.nusrat.cse@ulab.edu.bd","10.00 / 25","171014068","-- / 0","","Anika Nusrat Ridme","-- / 0","","https://drive.google.com/u/2/open?usp=forms_web&id=1BC7A1syNQ9Z0fLlR3oFrUnyc8H7OJlG_","10.00 / 25","(1+1+1.5)+3+0+(1.5+2)=10
"
"2020/11/30 2:22:16 PM GMT+6","swarnali.dey.cse@ulab.edu.bd","16.00 / 25","151014002","-- / 0","","swarnali dey","-- / 0","","https://drive.google.com/u/2/open?usp=forms_web&id=1ON0GyZtdwcHj2mjEmJPgFBgDuvIV9AfV","16.00 / 25","(2+1+1)+4+4+(2+2)=16
"
"2020/11/30 2:23:17 PM GMT+6","arafat.kamal.cse@ulab.edu.bd","16.50 / 25","171014032","-- / 0","","A.s.m Arafat kamal","-- / 0","","https://drive.google.com/u/2/open?usp=forms_web&id=1qVtdYxL8xxdxwTVrJfondPNhKzfHhAX6","16.50 / 25","(2+1+1.5)+4+4+(2+2)=16.5
"
"2020/11/30 2:23:31 PM GMT+6","tasnimul.haque.cse@ulab.edu.bd","19.50 / 25","171014006","-- / 0","","Fahim Afroz Tasnimul Haque","-- / 0","","https://drive.google.com/u/2/open?usp=forms_web&id=1Lwc5zG3Fgff06iRbUycBbXgWbZwk3kr9","19.50 / 25","(2+0.5+1.5)+4+7.5+(2+2)=19.5
"
"2020/11/30 2:23:45 PM GMT+6","mahbubur.rahman.cse@ulab.edu.bd","16.00 / 25","143014008","-- / 0","","Mahbubur Rahman","-- / 0","","https://drive.google.com/u/2/open?usp=forms_web&id=1idvzc1Rttt_ENN-zxsz7RgyVPMcummEh","16.00 / 25","(2+1+1)+4+4+(2.5+1.5)=16
"
"2020/11/30 2:24:51 PM GMT+6","sabiha.sumaiya.cse@ulab.edu.bd","21.00 / 25","172014007","-- / 0","","Sabiha sumaiya","-- / 0","","https://drive.google.com/u/2/open?usp=forms_web&id=1GxzIBQ89E1bycH4U-gMrLkmhwF4oUdQt","21.00 / 25","(2+0.5+1.5)+4+9+(2+2)=21
"
"2020/11/30 2:26:16 PM GMT+6","ashikur.rahaman.cse@ulab.edu.bd","24.50 / 25","172014016","-- / 0","","Md. Ashikur Rahaman","-- / 0","","https://drive.google.com/u/2/open?usp=forms_web&id=120HaaFmO1p6PvE1FjHwPuSfdrBebRNIA","24.50 / 25","(2+1+1.5)+5+10+(3+2)=24.5
"
"2020/11/30 2:28:06 PM GMT+6","nuzhat.farhana.cse@ulab.edu.bd","18.00 / 25","153014015","-- / 0","","Nuzhat Farhana Prekkha","-- / 0","","https://drive.google.com/u/2/open?usp=forms_web&id=19ipt00CUSk018RN4U559_z3nww9Tlej_","18.00 / 25","(2+1+1.5)+2.5+7+(2+2)=18
"
"2020/11/30 2:28:29 PM GMT+6","anika.tahsin1.bba@ulab.edu.bd","12.50 / 25","171011166","-- / 0","","Anika Tahsin Sababa ","-- / 0","","https://drive.google.com/u/2/open?usp=forms_web&id=1D87xqtl6t4N4dlCxegLCN9Xn7rE7gjBM","12.50 / 25","(2+0.5+1)+2.5+3+(1.5+2)=12.5
"
"2020/11/30 2:28:59 PM GMT+6","muhtasim.fuad.cse@ulab.edu.bd","22.50 / 25","171014051","-- / 0","","Md. Muhtasim Fuad Fahim (Ornab)","-- / 0","","https://drive.google.com/u/2/open?usp=forms_web&id=1TYQFvTyWyPTzoAC28EGFVY1mBp40s2P4","22.50 / 25","(2+0.5+1)+5+9+(3+2)=22.5
"
"2020/11/30 2:28:59 PM GMT+6","shahnila.mahbub.cse@ulab.edu.bd","18.00 / 25","171014012","-- / 0","","Shahnila Mahbub","-- / 0","","https://drive.google.com/u/2/open?usp=forms_web&id=16m_QFpo8VtWqVgkKrkNZ2g7wfhUAca-I","18.00 / 25","(2+0.5+1.5)+2.5+7+(3+1.5)=18
"
"2020/11/30 2:29:17 PM GMT+6","ayon.mazumder.cse@ulab.edu.bd","18.00 / 25","171014075","-- / 0","","Ayon Mazumder","-- / 0","","https://drive.google.com/u/2/open?usp=forms_web&id=1emUWyMpvHKUkg-FkqaGlmEAFIqCwukNb","18.00 / 25","(2+1+1)+4+6+(2+2)=18
"
"2020/11/30 2:29:55 PM GMT+6","prianka.uddin.cse@ulab.edu.bd","20.00 / 25","181014110 ","-- / 0","","Prianka Uddin ","-- / 0","","https://drive.google.com/u/2/open?usp=forms_web&id=1_rHU-5Y_c2kSItsW5FSYaa4QyV6NP0x3","20.00 / 25","(2+1+2)+5+6+(2+2)=20
"
"2020/11/30 2:30:26 PM GMT+6","tamanna.islam1.cse@ulab.edu.bd","16.50 / 25","172014052","-- / 0","","Tamanna Islam","-- / 0","","https://drive.google.com/u/2/open?usp=forms_web&id=14MAQKRUxgVZ2OUPZp72rRC4Y1846Mmsl","16.50 / 25","(2+1+1.5)+4+4+(2+2)=16.5
"
"2020/11/30 2:31:45 PM GMT+6","mahabub.rahman.cse@ulab.edu.bd","16.00 / 25","161014019","-- / 0","","Mahabub Rahman","-- / 0","","https://drive.google.com/u/2/open?usp=forms_web&id=1pb1_u1u1R_9bDlOhHJgEA3imMpK92IHp","16.00 / 25","(1+1+1)+4+5+(2+2)=16
"
"2020/11/30 2:31:46 PM GMT+6","gibson.modhu.cse@ulab.edu.bd","19.50 / 25","Gibson Modhu Eric","-- / 0","","163014016","-- / 0","","https://drive.google.com/u/2/open?usp=forms_web&id=10UlYsnuD_fmVaFBTKrqhUYQFhme2Se87","19.50 / 25","(2+0.5+1.5)+2.5+9+(2+2)=19.5
"
"2020/11/30 2:32:13 PM GMT+6","tabachsum.islam.cse@ulab.edu.bd","16.50 / 25","172014051","-- / 0","","Tabachsum Islam  ","-- / 0","","https://drive.google.com/u/2/open?usp=forms_web&id=1u6Ln1IjsAld0DrOnDrXPI9H82RCMh7wv","16.50 / 25","(2+1+1.5)+4+4+(2+2)=16.5
"
"2020/11/30 2:32:59 PM GMT+6","fahmeda.gulzar.cse@ulab.edu.bd","17.50 / 25","153014016","-- / 0","","Fahmeda Gulzar","-- / 0","","https://drive.google.com/u/2/open?usp=forms_web&id=1LnfzCk6Z_b0LGae2rDbWoEa_d8-o42g_","17.50 / 25","(2+1+1.5)+5+4+(2+2)=17.5
"
"2020/11/30 2:33:07 PM GMT+6","asifa.sultana.cse@ulab.edu.bd","14.00 / 25","162014022","-- / 0","","asifa sultana","-- / 0","","https://drive.google.com/u/2/open?usp=forms_web&id=15_-Jk3kqjCStQnazEcDJNVkQkqEwyGV-","14.00 / 25","(2+1+1.5)+4+2+(1.5+2)=14
"
"2020/11/30 2:33:18 PM GMT+6","aldrin.halder.cse@ulab.edu.bd","20.00 / 25","163014011","-- / 0","","Aldrin Abir","-- / 0","","https://drive.google.com/u/2/open?usp=forms_web&id=1sTb84upYnuJCsHlRwcZNRGinxM4_OFw4","20.00 / 25","(2+0.5+1)+2.5+10+(2+2)=20
"
"2020/11/30 2:33:42 PM GMT+6","kamrun.faisal.cse@ulab.edu.bd","17.50 / 25","171014042","-- / 0","","Md.Abdul Kamrun Faisal","-- / 0","","https://drive.google.com/u/2/open?usp=forms_web&id=1GJfkXd-msHnCA2fkt1gzuyjf3u21u2wr","17.50 / 25","(2+1+1)+3+6.5+(2+2)=17.5
"
"2020/11/30 2:35:52 PM GMT+6","salma.sayeeda.cse@ulab.edu.bd","16.00 / 25","171014048","-- / 0","","Salma Sayeeda Orpa","-- / 0","","https://drive.google.com/u/2/open?usp=forms_web&id=1Y42Fb1iGrL8uEZZqNneoXujJMFIT0Srt","16.00 / 25","(2+0.5+1)+4+7+(1.5+0)=16
"
"2020/11/30 2:38:25 PM GMT+6","mahmudur.rahman1.cse@ulab.edu.bd","19.50 / 25","Md.Mahmudur Rahman","-- / 0","","171014037","-- / 0","","https://drive.google.com/u/2/open?usp=forms_web&id=1mR6JR2juHPricdG8_kVTvNlaNZHtK5Zc","19.50 / 25","(2+1+2)+5+5+(3+1.5)=19.5
"
"2020/12/21 1:03:51 PM GMT+6","sadia.hasan1.cse@ulab.edu.bd","13.00 / 25","171014022","-- / 0","","Sadia Hasan","-- / 0","","https://drive.google.com/u/2/open?usp=forms_web&id=1qfRG6zGvwkTKT3WzOoFirj1tbn29nKBx","13.00 / 25","(2+1+1.5)+2.5+3+(1+2)=13
"