"Timestamp","Username","Total score","ID","ID [Score]","ID [Feedback]","Name","Name [Score]","Name [Feedback]",""," [Score]"," [Feedback]"
"2020/12/20 3:42:53 PM GMT+6","sakib.ahamed.cse@ulab.edu.bd","3.00 / 20","151014077","-- / 0","","Md. Sakib Ahamed Sohag","-- / 0","","https://drive.google.com/u/2/open?usp=forms_web&id=106UAaHrfLQ5AE_fqTJ0aDii0MsPa9eL-","3.00 / 20","0+3=3
"
"2020/12/20 3:54:39 PM GMT+6","emran.hossain.cse@ulab.edu.bd","6.50 / 20","163014042","-- / 0","","Md Emran Hossain Eju","-- / 0","","https://drive.google.com/u/2/open?usp=forms_web&id=1M_RbzbMh9vaZSw_OtObW9kjzYKjmjuvx","6.50 / 20","5+1.5=6.5
"
"2020/12/20 3:55:24 PM GMT+6","lutful.kabir.cse@ulab.edu.bd","9.00 / 20","161014012","-- / 0","","A S M lutful kabir ","-- / 0","","https://drive.google.com/u/2/open?usp=forms_web&id=1N8fnjTa-rgveEIRqEZ7puNvlaoyVcnH5","9.00 / 20","2+7=9
"
"2020/12/20 3:56:25 PM GMT+6","mehedi.hasan4.cse@ulab.edu.bd","9.00 / 20","161014023","-- / 0","","Md Mehedi Hasan","-- / 0","","https://drive.google.com/u/2/open?usp=forms_web&id=1A-5uDN9MkC_eY5l_llUWZvskT2vEc3wy","9.00 / 20","2+7=9
"
"2020/12/20 3:58:33 PM GMT+6","sadia.hasan.cse@ulab.edu.bd","17.00 / 20","161014008","-- / 0","","Sadia Hasan Hima","-- / 0","","https://drive.google.com/u/2/open?usp=forms_web&id=1O7rnnUTszx-J9lUzZ0OT52Sd5Ck_P29i","17.00 / 20","7.5+9.5=17
"
"2020/12/20 3:58:59 PM GMT+6","rafsan.jamil.cse@ulab.edu.bd","3.00 / 20","153014011","-- / 0","","Rafsan jamil","-- / 0","","https://drive.google.com/u/2/open?usp=forms_web&id=1z-xRwy3vSlJEzDs9J98dFSL4SmHjzSyv","3.00 / 20","3+0=3
"
"2020/12/20 4:04:39 PM GMT+6","tamanna.islam1.cse@ulab.edu.bd","3.00 / 20","172014052","-- / 0","","Tamanna Islam ","-- / 0","","https://drive.google.com/u/2/open?usp=forms_web&id=1pxcmWoc1FHDMXXCJzUIQeM50A237KZm1","3.00 / 20","0+3=3
"
"2020/12/20 4:07:13 PM GMT+6","tabachsum.islam.cse@ulab.edu.bd","3.00 / 20","172014051","-- / 0","","Tabachsum Islam  ","-- / 0","","https://drive.google.com/u/2/open?usp=forms_web&id=1U2DK6gHFT9yhcRuro5GhzhHZPJxAlphM","3.00 / 20","0+3=3
"