"Timestamp","Username","Total score","ID","ID [Score]","ID [Feedback]","Name","Name [Score]","Name [Feedback]",""," [Score]"," [Feedback]"
"2020/11/22 2:04:24 PM GMT+6","nayla.muqim.cse@ulab.edu.bd","16.50 / 20","201014100","-- / 0","","Nayla Muqim ","-- / 0","","https://drive.google.com/u/2/open?usp=forms_web&id=1ZdbOUQotW9pzxxHVt6IYfB5KzUDHp9Sg","16.50 / 20","(2.5+1.5)+(2.5+2.5)+(1.5+2)+(2+2)=16.5
"
"2020/11/22 2:19:28 PM GMT+6","mehedi.hasan13.cse@ulab.edu.bd","14.50 / 20","201014082","-- / 0","","Md. Mehedi Hasan","-- / 0","","https://drive.google.com/u/2/open?usp=forms_web&id=1qO8NR6fsiSl3O-W0-p2nLgTIWGzNfvqI","14.50 / 20","(1.5+2.5)+(2.5+1.5)+(1+2.5)+(1.5+1.5)=14.5
"
"2020/11/22 2:30:27 PM GMT+6","mohammad.salam.cse@ulab.edu.bd","19.00 / 20","173014024","-- / 0","","Mohammad Salam","-- / 0","","https://drive.google.com/u/2/open?usp=forms_web&id=1AcvOv8V5zBvPTI5hgGz5t7LlqSClAYQQ","19.00 / 20","(1.5+2.5)+(2.5+2.5)+(2.5+2.5)+(2.5+2.5)=19
"
"2020/11/22 2:36:03 PM GMT+6","rezoana.tasnim.cse@ulab.edu.bd","19.00 / 20","183014047","-- / 0","","Rezoana Tasnim koly","-- / 0","","https://drive.google.com/u/2/open?usp=forms_web&id=1o28-cJytjMBxyHIiarsbpyclfMr7lkwk","19.00 / 20","(2.5+2.5)+(2+2.5)+(2.5+2.5)+(2.5+2)=19
"
"2020/11/22 2:40:05 PM GMT+6","anwar.hossain1.cse@ulab.edu.bd","13.00 / 20","201014029","-- / 0","","MD: Anwar Hossain","-- / 0","","https://drive.google.com/u/2/open?usp=forms_web&id=1wjN1nMi2X_el9qOFc3zihnQAIT4R3UMO","13.00 / 20","(1.5+2)+(2+2.5)+(1+0)+(2+2)=13
"
"2020/11/22 2:41:59 PM GMT+6","shurfa.maliha.cse@ulab.edu.bd","15.50 / 20","201014034","-- / 0","","Shurfa Maliha Lorin","-- / 0","","https://drive.google.com/u/2/open?usp=forms_web&id=17-11v25pXjSu8mscgZ56zfNmSWJfwFd5","15.50 / 20","(1.5+1.5)+(2+2.5)+(1.5+2.5)+(2+2)=15.5
"
"2020/11/22 2:49:44 PM GMT+6","sourav.kunda.cse@ulab.edu.bd","13.00 / 20","201014095","-- / 0","","Sourav Kundu","-- / 0","","https://drive.google.com/u/2/open?usp=forms_web&id=1IzJ-7Ft5r0rAzh_FlFsOXKbW7albbk2M","13.00 / 20","(1+1.5)+(2+2.5)+(2+0)+(2+2)=13
"
"2020/11/22 2:53:56 PM GMT+6","pranto.barai.cse@ulab.edu.bd","16.50 / 20","201014035","-- / 0","","Pranto Barai","-- / 0","","https://drive.google.com/u/2/open?usp=forms_web&id=1a5LC3M9EwOvP5jnxuyum3uCfvmjkT55f","16.50 / 20","(1.5+2)+(2+2.5)+(2+2.5)+(2+2)=16.5
"
"2020/11/22 2:56:24 PM GMT+6","nafia.rahaman.cse@ulab.edu.bd","14.50 / 20","192014016","-- / 0","","Nafia Rahaman Nafi","-- / 0","","https://drive.google.com/u/2/open?usp=forms_web&id=1zhmZngyWuWJyEulJKZwuMpDb9ll62X-B","14.50 / 20","(1+1.5)+(2+2.5)+(2+2)+(2+1.5)=14.5
"
"2020/11/22 2:59:10 PM GMT+6","asiful.islam.cse@ulab.edu.bd","17.50 / 20","201014030","-- / 0","","Md. Asiful Islam ","-- / 0","","https://drive.google.com/u/2/open?usp=forms_web&id=1P3ck7heARuwibmuZ37DdgyKbLHgmzW4U","17.50 / 20","(2.5+2.5)+(2+2.5)+(2+2)+(2+2)=17.5
"
"2020/11/22 4:05:02 PM GMT+6","emtu.paul.cse@ulab.edu.bd","17.00 / 20","201014056","-- / 0","","Emtu Rani Paul","-- / 0","","https://drive.google.com/u/2/open?usp=forms_web&id=1c7WD_ae8J63Ia-0MWP7ixM9VYqAM4ily","17.00 / 20","(2+2.5)+(1.5+2.5)+(2+2)+(2.5+2)=17
"
"2020/11/22 11:25:45 PM GMT+6","kumar.mondal.cse@ulab.edu.bd","10.50 / 20","201014050","-- / 0","","Dip kumar Mondal","-- / 0","","https://drive.google.com/u/2/open?usp=forms_web&id=1Pqe9d2fiJoj6YMIUXxI42S63ZVVe1J16","10.50 / 20","(1.5+1.5)+(1.5+0)+(2+0)+(2+2)=10.5
"
"2020/11/23 2:54:22 AM GMT+6","rashedul.islam.cse@ulab.edu.bd","18.00 / 20","201014043","-- / 0","","Syed Rashedul Islam","-- / 0","","https://drive.google.com/u/2/open?usp=forms_web&id=1WOwGKAGdIJwpeCALGqvFZDiq_AQZCBKT","18.00 / 20","(2+2.5)+(2+2.5)+(2+2)+(2.5+2.5)=18
"
"2020/11/24 2:46:57 PM GMT+6","mahamudul.hassan.cse@ulab.edu.bd","11.00 / 20","201014011","-- / 0","","mahamudul hassan shisir","-- / 0","","https://drive.google.com/u/2/open?usp=forms_web&id=10UFqeFSFuc8I_QGUm7V6JhnMMXDPK_t1","11.00 / 20","(1+1.5)+(2+0)+(2+0.5)+(2+2)=11
"
"2020/11/24 2:47:09 PM GMT+6","arif.fuad.cse@ulab.edu.bd","15.00 / 20","201014083","-- / 0","","Md Arif Fuad Akash","-- / 0","","https://drive.google.com/u/2/open?usp=forms_web&id=1MDZLXtNYLIWlU0bzWZJAF35BbU4538Rn","15.00 / 20","(2+2)+(2+2.5)+(2+2.5)+(2+0)=15
"
"2020/11/24 2:48:05 PM GMT+6","arpita.podder.cse@ulab.edu.bd","16.00 / 20","201014062","-- / 0","","Arpita Podder","-- / 0","","https://drive.google.com/u/2/open?usp=forms_web&id=17Zj9ABt8oL9I0NQ1OtwWGpeH1_m7AUJV","16.00 / 20","(1.5+2)+(2+2.5)+(2+2.5)+(2+1.5)=16
"
"2020/11/24 2:52:08 PM GMT+6","zeenat.akter.cse@ulab.edu.bd","16.00 / 20","201014098","-- / 0","","Zeenat Akter","-- / 0","","https://drive.google.com/u/2/open?usp=forms_web&id=1rcjf1g2xBg592JBOWztuBGIubZIhklN3","16.00 / 20","(1.5+2.5)+(2+2.5)+(2+2.5)+(2+1)=16
"
"2020/11/24 2:57:34 PM GMT+6","foysal.hasan.cse@ulab.edu.bd","14.50 / 20","201014058","-- / 0","","Foysal hasan rafi","-- / 0","","https://drive.google.com/u/2/open?usp=forms_web&id=1XLs7LH1JzB3Fji55DRv-ED8esqCeG3rw","14.50 / 20","(1.5+1.5)+(2+2.5)+(2+2.5)+(1.5+1)=14.5
"
"2020/11/24 3:10:11 PM GMT+6","sohanur.rahman1.cse@ulab.edu.bd","14.00 / 20","Sohanur Rahman","-- / 0","","182014003","-- / 0","","https://drive.google.com/u/2/open?usp=forms_web&id=1iERMF0TtF3EtZTJDMr9V06pyOMqs45cc","14.00 / 20","(2+2)+(2+2.5)+(1.5+0)+(2+2)=14
"
"2020/11/24 4:07:13 PM GMT+6","mridul.ghosh.cse@ulab.edu.bd","15.00 / 20","201014085","-- / 0","","Mridul Ghosh","-- / 0","","https://drive.google.com/u/2/open?usp=forms_web&id=11v10KbIRbF7PjzlRup0DVg7Ns7Zz7WKB","15.00 / 20","(2+0)+(2+2.5)+(2+2.5)+(2+2)=15
"
"2020/11/24 9:17:10 PM GMT+6","ashiqur.rahman3.cse@ulab.edu.bd","13.50 / 20","191014054","-- / 0","","Ashiqur Rahman Prince","-- / 0","","https://drive.google.com/u/2/open?usp=forms_web&id=1vigxw8tiYSljrGBhlS_aoNdp97qG9kNP","13.50 / 20","(1+1.5)+(1.5+2.5)+(1.5+2.5)+(1.5+1.5)=13.5
"
"2020/12/13 1:25:50 PM GMT+6","shalizma.islam.cse@ulab.edu.bd","16.00 / 20","192014029","-- / 0","","Shalizma Islam Hadia ","-- / 0","","https://drive.google.com/u/2/open?usp=forms_web&id=1QzTw3aZt8cjKPuX437Bn-2Ux7YFFgjPM","16.00 / 20","(1+1.5)+(2.5+2.5)+(2+2.5)+(2+2)=16
"
"2020/12/13 1:41:01 PM GMT+6","rashiqul.hoque.cse@ulab.edu.bd","15.00 / 20","201014097","-- / 0","","Md. Rashiq - Ul - Hoque","-- / 0","","https://drive.google.com/u/2/open?usp=forms_web&id=1kSYhQp7Gw2-bzsBOEq5pLjND8t92DM93","15.00 / 20","(2.5+2.5)+(2+2.5)+(2+0)+(2+1.5)=15
"
"2020/12/13 2:27:37 PM GMT+6","antor.das.cse@ulab.edu.bd","15.50 / 20","201014110","-- / 0","","Antor Das","-- / 0","","https://drive.google.com/u/2/open?usp=forms_web&id=1iBPzI_BnRLZPQHUAFGQHdedJfBzw-8tG","15.50 / 20","(2+2)+(2+2.5)+(2.5+0)+(2.5+2)=15.5
"
"2020/12/13 3:40:44 PM GMT+6","habiba.akter2.cse@ulab.edu.bd","14.00 / 20","201014074","-- / 0","","Habiba Akter Mou","-- / 0","","https://drive.google.com/u/2/open?usp=forms_web&id=1-qWi32jyIqlMfBuQ25OAdEGahH-aju6y","14.00 / 20","(1.5+2)+(1.5+2.5)+(2+1)+(1.5+2)=14
"