"Timestamp","Username","Total score","ID","ID [Score]","ID [Feedback]","Name","Name [Score]","Name [Feedback]",""," [Score]"," [Feedback]"
"2020/12/01 2:15:25 PM GMT+6","fahadul.haque.cse@ulab.edu.bd","9.50 / 25","182014012","-- / 0","","Fahadul Haque","-- / 0","","https://drive.google.com/u/2/open?usp=forms_web&id=1Tp2keH-c3ZodTU_IcpopsVg9Cvc4LMrG","9.50 / 25","(2+0+1.5)+3+0+3=9.5
"
"2020/12/01 2:24:02 PM GMT+6","mehedi.hasan13.cse@ulab.edu.bd","20.50 / 25","201014082","-- / 0","","Md. Mehedi Hasan","-- / 0","","https://drive.google.com/u/2/open?usp=forms_web&id=10_4qbMMJ1bt6uZb6-4Ziabw68C4KHL48","20.50 / 25","(2+1+1)+4+10+2.5=20.5
"
"2020/12/01 2:30:53 PM GMT+6","mahisur.rahman.cse@ulab.edu.bd","10.50 / 25","182014016","-- / 0","","Mahisur Rahman","-- / 0","","https://drive.google.com/u/2/open?usp=forms_web&id=15eyfGJbvnQeotkSK0Sie9a1pYuVggrtj","10.50 / 25","(2+1+0.5)+3.5+0+3.5=10.5
"
"2020/12/01 2:33:43 PM GMT+6","nayla.muqim.cse@ulab.edu.bd","16.00 / 25","201014100","-- / 0","","Nayla Muqim ","-- / 0","","https://drive.google.com/u/2/open?usp=forms_web&id=1bWpBv79eqJ1tCoJRnsyB8SOfJDUyMzbc","16.00 / 25","(1+0.5+1)+3+6+4.5=16
"
"2020/12/01 2:37:33 PM GMT+6","mahamudul.hassan.cse@ulab.edu.bd","17.00 / 25","201014011","-- / 0","","Mahamudul Hassan Shisir","-- / 0","","https://drive.google.com/u/2/open?usp=forms_web&id=14h41OdbU0HgMd6kyqAcEpuEVqUxvGY0p","17.00 / 25","(2+0+1.5)+4+6.5+3=17
"
"2020/12/01 2:38:48 PM GMT+6","sohanur.rahman1.cse@ulab.edu.bd","12.50 / 25","182014003","-- / 0","","Sohanur Rahman","-- / 0","","https://drive.google.com/u/2/open?usp=forms_web&id=1OsjQouCNG6ZmPKvY-3YG7M5KPBrfQx9c","12.50 / 25","(1+0.5+1)+3+3+4=12.5
"
"2020/12/01 2:40:13 PM GMT+6","arpita.podder.cse@ulab.edu.bd","15.50 / 25","201014062","-- / 0","","Arpita Podder","-- / 0","","https://drive.google.com/u/2/open?usp=forms_web&id=11fSBgOWpjobUzqtzjRcLK7SP2rnx83t9","15.50 / 25","(1+0.5+1)+3+6+4=15.5
"
"2020/12/01 2:41:14 PM GMT+6","zahid.hasan.cse@ulab.edu.bd","11.00 / 25","182014011","-- / 0","","Zahid Hasan","-- / 0","","https://drive.google.com/u/2/open?usp=forms_web&id=1gtn1PwlZGOffABLLuMUnp5ACt7EeITex","11.00 / 25","(2+1+1.5)+3+0+3.5=11
"
"2020/12/01 2:41:51 PM GMT+6","mridul.ghosh.cse@ulab.edu.bd","18.50 / 25","201014085","-- / 0","","Mridul Ghosh","-- / 0","","https://drive.google.com/u/2/open?usp=forms_web&id=1KRcTfHympCE9zq2p1iDPSTICiCUr8bKG","18.50 / 25","(2+1+2)+3.5+6+4=18.5
"
"2020/12/01 2:42:18 PM GMT+6","shurfa.maliha.cse@ulab.edu.bd","15.50 / 25","201014034","-- / 0","","Shurfa Maliha Lorin","-- / 0","","https://drive.google.com/u/2/open?usp=forms_web&id=1TSHE0tYbnuWMadcFv7qwuJapMOGKczzS","15.50 / 25","(1.5+1+2)+4+2+5=15.5
"
"2020/12/01 2:44:50 PM GMT+6","anwar.hossain1.cse@ulab.edu.bd","14.00 / 25","201014029","-- / 0","","MD: Anwar Hossain","-- / 0","","https://drive.google.com/u/2/open?usp=forms_web&id=1IDSqedZXdYWF8_DLKicKUEItxpuW4Ovl","14.00 / 25","(2+0+1)+3+4+4=14
"
"2020/12/01 2:45:11 PM GMT+6","antor.das.cse@ulab.edu.bd","12.50 / 25","201014110","-- / 0","","Antor Das","-- / 0","","https://drive.google.com/u/2/open?usp=forms_web&id=11ySozIZnYNI_DWaV2qbsQzcx5K34WNSC","12.50 / 25","(2+0.5+1.5)+3+4+1.5=12.5
"
"2020/12/01 2:45:12 PM GMT+6","rezoana.tasnim.cse@ulab.edu.bd","14.50 / 25","183014047","-- / 0","","Rezoana Tasnim Koly","-- / 0","","https://drive.google.com/u/2/open?usp=forms_web&id=1O_fY-JPqdpdBDHjO3ead9CwzavkA5n-u","14.50 / 25","(2+0.5+1.5)+4.5+3.5+2.5=14.5
"
"2020/12/01 2:46:10 PM GMT+6","rashiqul.hoque.cse@ulab.edu.bd","13.50 / 25","201014097","-- / 0","","Md. Rashiq - Ul - Hoque","-- / 0","","https://drive.google.com/u/2/open?usp=forms_web&id=1LcB8bOhpedCsMhTrAdGx3EMGQiTsP9mk","13.50 / 25","(1.5+0+1)+3+5+3=13.5
"
"2020/12/01 2:48:45 PM GMT+6","zeenat.akter.cse@ulab.edu.bd","12.50 / 25","201014098","-- / 0","","zeeenat","-- / 0","","https://drive.google.com/u/2/open?usp=forms_web&id=1UKpF6Kp7K_hihjLlrhP902TJd3Od3Lz4","12.50 / 25","(1+0+1)+3+4+3.5=12.5
"
"2020/12/01 2:49:55 PM GMT+6","tanmim.samad.cse@ulab.edu.bd","13.00 / 25","193014019","-- / 0","","tanmimsamad alfi","-- / 0","","https://drive.google.com/u/2/open?usp=forms_web&id=1b5svEIz917V3VRbvLMncJSHZCz5Gtm20","13.00 / 25","(1.5+1+1.5)+3+6+0=13
"
"2020/12/01 2:51:55 PM GMT+6","pranto.barai.cse@ulab.edu.bd","14.50 / 25","201014035","-- / 0","","Pranto Barai","-- / 0","","https://drive.google.com/u/2/open?usp=forms_web&id=1gowNtjtSkZ089PM_74LUVE4FwU8itECN","14.50 / 25","(1+1+1)+3+5+3.5=14.5
"
"2020/12/01 2:52:12 PM GMT+6","arif.fuad.cse@ulab.edu.bd","20.00 / 25","201014083","-- / 0","","Md Arif Fuad Akash","-- / 0","","https://drive.google.com/u/2/open?usp=forms_web&id=13fCZkNv4L1JG1jDn6Y3V1cjuZ1kHdyrw","20.00 / 25","(1+1+1)+3.5+10+3.5=20
"
"2020/12/01 2:53:39 PM GMT+6","kumar.mondal.cse@ulab.edu.bd","13.00 / 25","201014050","-- / 0","","Dip kumar Mondal","-- / 0","","https://drive.google.com/u/2/open?usp=forms_web&id=1LC3bcjyhc-DJEzdM5Paz2eU7lF7YXono","13.00 / 25","(1+0+0.5)+3.5+5+3=13
"
"2020/12/01 2:55:36 PM GMT+6","sourav.kunda.cse@ulab.edu.bd","12.00 / 25","Sourav Kundu","-- / 0","","201014095","-- / 0","","https://drive.google.com/u/2/open?usp=forms_web&id=1uHTrLiqhypx4HYkmNdzHUt2GjRkUgOEW","12.00 / 25","(1.5+0+1)+3+4+2.5=12
"
"2020/12/01 3:07:28 PM GMT+6","mohammad.salam.cse@ulab.edu.bd","13.50 / 25","173014024","-- / 0","","Mohammad Salam","-- / 0","","https://drive.google.com/u/2/open?usp=forms_web&id=10Ijj9ZYHIfKx1hrx8bcG8DqF84czd-r1","13.50 / 25","(1.5+1+1.5)+3.5+4+2=13.5
"
"2020/12/01 3:14:14 PM GMT+6","asiful.islam.cse@ulab.edu.bd","14.00 / 25","201014030","-- / 0","","Md Asiful Islam  ","-- / 0","","https://drive.google.com/u/2/open?usp=forms_web&id=1v-Pa5527518eBgdPCnL7NKuqxlpm9pua","14.00 / 25","(1.5+1+2)+4+4+1.5=14
"
"2020/12/01 3:20:07 PM GMT+6","emtu.paul.cse@ulab.edu.bd","15.50 / 25","201014056","-- / 0","","Emtu Rani Paul.","-- / 0","","https://drive.google.com/u/2/open?usp=forms_web&id=1cj4lsdzk_nQrwnhEnzvsGIH-CNO-9Zok","15.50 / 25","(1.5+0+1.5)+4.5+4+4=15.5
"
"2020/12/01 3:36:07 PM GMT+6","nafia.rahaman.cse@ulab.edu.bd","13.50 / 25","192014016","-- / 0","","Nafia Rahman Nafi","-- / 0","","https://drive.google.com/u/2/open?usp=forms_web&id=1ywqsJYTy_uXrkhNqqqfgQL3ZeLPhZrWQ","13.50 / 25","(1+0+1.5)+3+4+4=13.5
"
"2020/12/01 3:39:49 PM GMT+6","ashiqur.rahman3.cse@ulab.edu.bd","13.00 / 25","191014054","-- / 0","","Ashiqur Rahman Prince","-- / 0","","https://drive.google.com/u/2/open?usp=forms_web&id=13bXoTgTMhfWXdDqLrUb3s2RnsngQ5R4n","13.00 / 25","(1.5+0+1.5)+3+3+4=13
"
"2020/12/01 4:13:31 PM GMT+6","shajedul.sumon.cse@ulab.edu.bd","14.50 / 25","Sazedul Islam Sumon","-- / 0","","192014034","-- / 0","","https://drive.google.com/u/2/open?usp=forms_web&id=1UQ3mU7vecwKrIUQew2OxOkkmj7DmItu9","14.50 / 25","(2+1+1.5)+3+3+4=14.5
"
"2020/12/01 4:19:33 PM GMT+6","foysal.hasan.cse@ulab.edu.bd","14.00 / 25","201014058","-- / 0","","Foysal Hasan Rafi","-- / 0","","https://drive.google.com/u/2/open?usp=forms_web&id=1m6ZaN9F3niNwomvTwgMWZlgPFv_Ok1eX","14.00 / 25","(2+0+1.5)+3.5+3+4=14
"
"2020/12/22 1:23:04 PM GMT+6","shalizma.islam.cse@ulab.edu.bd","17.00 / 25","192014029","-- / 0","","Shalizma Islam Hadia ","-- / 0","","https://drive.google.com/u/2/open?usp=forms_web&id=1whg91YbdXnAqh3wauZiUIgI6gz1EOp_v","17.00 / 25","(2+1+2)+3.5+3.5+5=17
"
"2020/12/22 1:31:53 PM GMT+6","habiba.akter2.cse@ulab.edu.bd","12.00 / 25","201014074","-- / 0","","Habiba Akter  Mou ","-- / 0","","https://drive.google.com/u/2/open?usp=forms_web&id=1U7mF0bHCpl3VZ6oSlsGKaUV538eFeNUd","12.00 / 25","(1+1+1)+2.5+3+3.5=12
"
"2020/12/22 1:37:06 PM GMT+6","rashedul.islam.cse@ulab.edu.bd","15.00 / 25","201014043","-- / 0","","Syed Rashedul Islam","-- / 0","","https://drive.google.com/u/2/open?usp=forms_web&id=118pGLGWSR7XRtisR0GY-xYpZiFXrldBp","15.00 / 25","(1.5+1+2)+4.5+3.5+2.5=15
"