"Timestamp","Username","Total score","ID","ID [Score]","ID [Feedback]","Name","Name [Score]","Name [Feedback]","Implement the LCS-LENGTH algorithm alongside printing LCS using the following pseudocode.","Implement the LCS-LENGTH algorithm alongside printing LCS using the following pseudocode. [Score]","Implement the LCS-LENGTH algorithm alongside printing LCS using the following pseudocode. [Feedback]"
"2021/01/04 10:58:19 AM GMT+6","arunangshu.mojumder.cse@ulab.edu.bd","20.00 / 20","192014037","-- / 0","","Arunangshuu Mojumder Raatul","-- / 0","","https://drive.google.com/u/2/open?usp=forms_web&id=1B27BwbmMO_Er9wN1HyPNbXAvaDY26SYA","20.00 / 20",""
"2021/01/05 2:47:33 AM GMT+6","tansim.anjum.cse@ulab.edu.bd","20.00 / 20","182014024","-- / 0","","Tansim Anjum","-- / 0","","https://drive.google.com/u/2/open?usp=forms_web&id=1Sdi_mFCr0wMqvCSmQYqCUBwguQBwSmKU","20.00 / 20",""
"2021/01/05 10:38:37 AM GMT+6","sadia.anjum1.cse@ulab.edu.bd","18.00 / 20","Sadia Anjum","-- / 0","","181014028","-- / 0","","https://drive.google.com/u/2/open?usp=forms_web&id=1IuNxazt3CpSAE0DgjQKcqiKRbB9kxeIC","18.00 / 20",""
"2021/01/05 10:57:44 AM GMT+6","sumaiya.islam.cse@ulab.edu.bd","18.00 / 20","192014043","-- / 0","","sumaiya islam mouno","-- / 0","","https://drive.google.com/u/2/open?usp=forms_web&id=1W1sGXR27j6c3p-Lq0dZ-IxnPn3FE7ZHI","18.00 / 20",""
"2021/01/10 8:19:32 AM GMT+6","mahedul.hasan.cse@ulab.edu.bd","20.00 / 20","192014005","-- / 0","","Mahedul Hasan Rifat","-- / 0","","https://drive.google.com/u/2/open?usp=forms_web&id=1XTx7LiS_nTzfzO8Ob7rluyUYdIUPx8hi","20.00 / 20",""
"2021/01/10 9:27:08 AM GMT+6","kamrun.nahar.cse@ulab.edu.bd","20.00 / 20","192014035","-- / 0","","Kamrun Nahar","-- / 0","","https://drive.google.com/u/2/open?usp=forms_web&id=1bpcogyF9l1kfHWTPQnauWo8ut5Hhb-P2","20.00 / 20",""
"2021/01/10 10:01:58 AM GMT+6","sanzida.akter.cse@ulab.edu.bd","0.00 / 20","151014006","-- / 0","","Sanzida Akter","-- / 0","","https://drive.google.com/u/2/open?usp=forms_web&id=145Uo61AoDnQHZbN2Vywe-XMZXTozLonX","-- / 20",""
"2021/01/12 10:35:45 AM GMT+6","ahanaf.hossain.cse@ulab.edu.bd","16.00 / 20","183014046","-- / 0","","Mohammad Ali Ahanaf Hossain","-- / 0","","https://drive.google.com/u/2/open?usp=forms_web&id=1n0uzF3CKQHrwCIscyRtnmg6eYk8hVDYe","16.00 / 20",""
"2021/01/17 1:41:09 PM GMT+6","umme.salma.cse@ulab.edu.bd","0.00 / 20","192014008","-- / 0","","Umme Salma","-- / 0","","https://drive.google.com/u/2/open?usp=forms_web&id=1j5gNmFXACaCWBgKtmtFOwli35U2flNqE","-- / 20",""
"2021/01/18 5:15:51 AM GMT+6","rakibul.islam.cse@ulab.edu.bd","0.00 / 20","182014069","-- / 0","","Rakibul islam aurnob","-- / 0","","https://drive.google.com/u/2/open?usp=forms_web&id=1nKBxM3n9r-ebMZCpZifmkQEMC5RWoD5Z","-- / 20",""