"Timestamp","Username","Total score","ID","ID [Score]","ID [Feedback]","Name","Name [Score]","Name [Feedback]",""," [Score]"," [Feedback]"
"2020/12/27 12:24:43 AM GMT+6","kamrun.nahar.cse@ulab.edu.bd","20.00 / 20","192014035","-- / 0","","Kamrun Nahar","-- / 0","","https://drive.google.com/u/2/open?usp=forms_web&id=1OzqBGXaf_WUhodV-tuheVCxL0X381q1L","20.00 / 20",""
"2020/12/28 10:07:30 PM GMT+6","sumaiya.islam.cse@ulab.edu.bd","20.00 / 20","192014043","-- / 0","","SUMAIYA ISLAM MOUNO65","-- / 0","","https://drive.google.com/u/2/open?usp=forms_web&id=1JjOflOl6V1sqBQRu0XbX_Ej_ZunxhXAF","20.00 / 20",""
"2020/12/29 2:52:25 AM GMT+6","sadia.anjum1.cse@ulab.edu.bd","20.00 / 20","181014028","-- / 0","","Sadia Anjum","-- / 0","","https://drive.google.com/u/2/open?usp=forms_web&id=1bgRLEXGJQefiF2hrVX3suxExrKaxKBjC","20.00 / 20",""
"2021/01/01 11:44:56 PM GMT+6","tansim.anjum.cse@ulab.edu.bd","20.00 / 20","182014024","-- / 0","","Tansim Anjum","-- / 0","","https://drive.google.com/u/2/open?usp=forms_web&id=1cab_3sXRLLDzIGzrsHF_uHke6eu-mYcZ","20.00 / 20",""
"2021/01/05 6:11:11 AM GMT+6","mahedul.hasan.cse@ulab.edu.bd","20.00 / 20","192014005","-- / 0","","Mahedul Hasan Rifat","-- / 0","","https://drive.google.com/u/2/open?usp=forms_web&id=1hD6uIUg5RBYpuQocLmU7yDT5njobDEOg","20.00 / 20",""
"2021/01/10 9:48:00 AM GMT+6","sanzida.akter.cse@ulab.edu.bd","0.00 / 20","151014006","-- / 0","","Sanzida AKter","-- / 0","","https://drive.google.com/u/2/open?usp=forms_web&id=1r7hFNd-QcOsSujDpj8gGeJLSY9Lkk5Ud","-- / 20",""
"2021/01/12 10:36:19 AM GMT+6","ahanaf.hossain.cse@ulab.edu.bd","10.00 / 20","183014046","-- / 0","","Mohammad Ali Ahanaf Hossain","-- / 0","","https://drive.google.com/u/2/open?usp=forms_web&id=1Q3-5K4VuJc8uPtL461vBmhBLrvUAzVsH","10.00 / 20",""
"2021/01/17 1:35:25 PM GMT+6","umme.salma.cse@ulab.edu.bd","0.00 / 20","192014008","-- / 0","","Umme Salma","-- / 0","","https://drive.google.com/u/2/open?usp=forms_web&id=1XcHBXAeYYMRIswuNk9zVQILlnnM0sVKM","-- / 20",""
"2021/01/17 2:08:22 PM GMT+6","rakibul.islam.cse@ulab.edu.bd","0.00 / 20","182014069","-- / 0","","Rakibul Islam Aurnob","-- / 0","","https://drive.google.com/u/2/open?usp=forms_web&id=1mHbGCY9uHusp-I9poM4GCFfSTsbTlDih","-- / 20",""